,Date,Year,Month,Mth,Zone,Temp
0,1880-01-01,1880,1,Jan,SH,0.01
1,1881-01-01,1881,1,Jan,SH,-0.07
2,1882-01-01,1882,1,Jan,SH,0.08
3,1883-01-01,1883,1,Jan,SH,-0.01
4,1884-01-01,1884,1,Jan,SH,-0.08
5,1885-01-01,1885,1,Jan,SH,-0.19
6,1886-01-01,1886,1,Jan,SH,-0.13
7,1887-01-01,1887,1,Jan,SH,-0.36
8,1888-01-01,1888,1,Jan,SH,-0.2
9,1889-01-01,1889,1,Jan,SH,0.09
10,1890-01-01,1890,1,Jan,SH,-0.2
11,1891-01-01,1891,1,Jan,SH,-0.2
12,1892-01-01,1892,1,Jan,SH,-0.08
13,1893-01-01,1893,1,Jan,SH,-0.12
14,1894-01-01,1894,1,Jan,SH,-0.13
15,1895-01-01,1895,1,Jan,SH,-0.12
16,1896-01-01,1896,1,Jan,SH,-0.07
17,1897-01-01,1897,1,Jan,SH,0.1
18,1898-01-01,1898,1,Jan,SH,-0.09
19,1899-01-01,1899,1,Jan,SH,-0.19
20,1900-01-01,1900,1,Jan,SH,-0.09
21,1901-01-01,1901,1,Jan,SH,-0.1
22,1902-01-01,1902,1,Jan,SH,-0.18
23,1903-01-01,1903,1,Jan,SH,-0.24
24,1904-01-01,1904,1,Jan,SH,-0.5
25,1905-01-01,1905,1,Jan,SH,-0.26
26,1906-01-01,1906,1,Jan,SH,0.03
27,1907-01-01,1907,1,Jan,SH,-0.26
28,1908-01-01,1908,1,Jan,SH,-0.33
29,1909-01-01,1909,1,Jan,SH,-0.5
30,1910-01-01,1910,1,Jan,SH,-0.49
31,1911-01-01,1911,1,Jan,SH,-0.52
32,1912-01-01,1912,1,Jan,SH,-0.13
33,1913-01-01,1913,1,Jan,SH,-0.23
34,1914-01-01,1914,1,Jan,SH,-0.07
35,1915-01-01,1915,1,Jan,SH,-0.12
36,1916-01-01,1916,1,Jan,SH,-0.15
37,1917-01-01,1917,1,Jan,SH,-0.63
38,1918-01-01,1918,1,Jan,SH,-0.26
39,1919-01-01,1919,1,Jan,SH,0.0
40,1920-01-01,1920,1,Jan,SH,-0.32
41,1921-01-01,1921,1,Jan,SH,-0.27
42,1922-01-01,1922,1,Jan,SH,-0.27
43,1923-01-01,1923,1,Jan,SH,-0.37
44,1924-01-01,1924,1,Jan,SH,-0.15
45,1925-01-01,1925,1,Jan,SH,-0.5
46,1926-01-01,1926,1,Jan,SH,-0.1
47,1927-01-01,1927,1,Jan,SH,-0.25
48,1928-01-01,1928,1,Jan,SH,-0.29
49,1929-01-01,1929,1,Jan,SH,-0.33
50,1930-01-01,1930,1,Jan,SH,-0.46
51,1931-01-01,1931,1,Jan,SH,-0.18
52,1932-01-01,1932,1,Jan,SH,-0.08
53,1933-01-01,1933,1,Jan,SH,-0.26
54,1934-01-01,1934,1,Jan,SH,-0.29
55,1935-01-01,1935,1,Jan,SH,-0.26
56,1936-01-01,1936,1,Jan,SH,-0.25
57,1937-01-01,1937,1,Jan,SH,-0.23
58,1938-01-01,1938,1,Jan,SH,-0.18
59,1939-01-01,1939,1,Jan,SH,-0.14
60,1940-01-01,1940,1,Jan,SH,0.12
61,1941-01-01,1941,1,Jan,SH,0.21
62,1942-01-01,1942,1,Jan,SH,0.19
63,1943-01-01,1943,1,Jan,SH,0.07
64,1944-01-01,1944,1,Jan,SH,0.09
65,1945-01-01,1945,1,Jan,SH,0.1
66,1946-01-01,1946,1,Jan,SH,-0.02
67,1947-01-01,1947,1,Jan,SH,-0.07
68,1948-01-01,1948,1,Jan,SH,-0.17
69,1949-01-01,1949,1,Jan,SH,-0.09
70,1950-01-01,1950,1,Jan,SH,-0.23
71,1951-01-01,1951,1,Jan,SH,-0.33
72,1952-01-01,1952,1,Jan,SH,0.07
73,1953-01-01,1953,1,Jan,SH,-0.08
74,1954-01-01,1954,1,Jan,SH,-0.23
75,1955-01-01,1955,1,Jan,SH,-0.17
76,1956-01-01,1956,1,Jan,SH,-0.22
77,1957-01-01,1957,1,Jan,SH,-0.04
78,1958-01-01,1958,1,Jan,SH,0.09
79,1959-01-01,1959,1,Jan,SH,-0.08
80,1960-01-01,1960,1,Jan,SH,-0.16
81,1961-01-01,1961,1,Jan,SH,-0.03
82,1962-01-01,1962,1,Jan,SH,-0.17
83,1963-01-01,1963,1,Jan,SH,-0.14
84,1964-01-01,1964,1,Jan,SH,-0.13
85,1965-01-01,1965,1,Jan,SH,-0.14
86,1966-01-01,1966,1,Jan,SH,-0.13
87,1967-01-01,1967,1,Jan,SH,0.03
88,1968-01-01,1968,1,Jan,SH,-0.21
89,1969-01-01,1969,1,Jan,SH,0.22
90,1970-01-01,1970,1,Jan,SH,0.2
91,1971-01-01,1971,1,Jan,SH,0.09
92,1972-01-01,1972,1,Jan,SH,0.1
93,1973-01-01,1973,1,Jan,SH,0.43
94,1974-01-01,1974,1,Jan,SH,0.05
95,1975-01-01,1975,1,Jan,SH,0.03
96,1976-01-01,1976,1,Jan,SH,-0.12
97,1977-01-01,1977,1,Jan,SH,0.52
98,1978-01-01,1978,1,Jan,SH,-0.03
99,1979-01-01,1979,1,Jan,SH,0.22
100,1980-01-01,1980,1,Jan,SH,0.39
101,1981-01-01,1981,1,Jan,SH,0.25
102,1982-01-01,1982,1,Jan,SH,0.24
103,1983-01-01,1983,1,Jan,SH,0.51
104,1984-01-01,1984,1,Jan,SH,0.28
105,1985-01-01,1985,1,Jan,SH,0.37
106,1986-01-01,1986,1,Jan,SH,0.16
107,1987-01-01,1987,1,Jan,SH,0.39
108,1988-01-01,1988,1,Jan,SH,0.54
109,1989-01-01,1989,1,Jan,SH,0.16
110,1990-01-01,1990,1,Jan,SH,0.35
111,1991-01-01,1991,1,Jan,SH,0.26
112,1992-01-01,1992,1,Jan,SH,0.34
113,1993-01-01,1993,1,Jan,SH,0.3
114,1994-01-01,1994,1,Jan,SH,0.19
115,1995-01-01,1995,1,Jan,SH,0.3
116,1996-01-01,1996,1,Jan,SH,0.22
117,1997-01-01,1997,1,Jan,SH,0.25
118,1998-01-01,1998,1,Jan,SH,0.55
119,1999-01-01,1999,1,Jan,SH,0.37
120,2000-01-01,2000,1,Jan,SH,0.11
121,2001-01-01,2001,1,Jan,SH,0.34
122,2002-01-01,2002,1,Jan,SH,0.51
123,2003-01-01,2003,1,Jan,SH,0.57
124,2004-01-01,2004,1,Jan,SH,0.5
125,2005-01-01,2005,1,Jan,SH,0.54
126,2006-01-01,2006,1,Jan,SH,0.47
127,2007-01-01,2007,1,Jan,SH,0.58
128,2008-01-01,2008,1,Jan,SH,0.27
129,2009-01-01,2009,1,Jan,SH,0.46
130,2010-01-01,2010,1,Jan,SH,0.69
131,2011-01-01,2011,1,Jan,SH,0.42
132,2012-01-01,2012,1,Jan,SH,0.29
133,2013-01-01,2013,1,Jan,SH,0.56
134,2014-01-01,2014,1,Jan,SH,0.54
135,2015-01-01,2015,1,Jan,SH,0.53
136,2016-01-01,2016,1,Jan,SH,0.8
137,2017-01-01,2017,1,Jan,SH,0.65
138,2018-01-01,2018,1,Jan,SH,0.48
139,2019-01-01,2019,1,Jan,SH,0.66
140,2020-01-01,2020,1,Jan,SH,0.74
141,2021-01-01,2021,1,Jan,SH,0.36
142,2022-01-01,2022,1,Jan,SH,0.57
143,1880-02-01,1880,2,Feb,SH,0.04
144,1881-02-01,1881,2,Feb,SH,-0.05
145,1882-02-01,1882,2,Feb,SH,0.08
146,1883-02-01,1883,2,Feb,SH,-0.07
147,1884-02-01,1884,2,Feb,SH,-0.05
148,1885-02-01,1885,2,Feb,SH,-0.22
149,1886-02-01,1886,2,Feb,SH,-0.19
150,1887-02-01,1887,2,Feb,SH,-0.43
151,1888-02-01,1888,2,Feb,SH,-0.12
152,1889-02-01,1889,2,Feb,SH,0.04
153,1890-02-01,1890,2,Feb,SH,-0.32
154,1891-02-01,1891,2,Feb,SH,-0.25
155,1892-02-01,1892,2,Feb,SH,-0.05
156,1893-02-01,1893,2,Feb,SH,-0.17
157,1894-02-01,1894,2,Feb,SH,-0.15
158,1895-02-01,1895,2,Feb,SH,-0.05
159,1896-02-01,1896,2,Feb,SH,-0.06
160,1897-02-01,1897,2,Feb,SH,0.08
161,1898-02-01,1898,2,Feb,SH,-0.15
162,1899-02-01,1899,2,Feb,SH,-0.12
163,1900-02-01,1900,2,Feb,SH,0.03
164,1901-02-01,1901,2,Feb,SH,-0.12
165,1902-02-01,1902,2,Feb,SH,-0.14
166,1903-02-01,1903,2,Feb,SH,-0.22
167,1904-02-01,1904,2,Feb,SH,-0.55
168,1905-02-01,1905,2,Feb,SH,-0.34
169,1906-02-01,1906,2,Feb,SH,-0.03
170,1907-02-01,1907,2,Feb,SH,-0.28
171,1908-02-01,1908,2,Feb,SH,-0.36
172,1909-02-01,1909,2,Feb,SH,-0.45
173,1910-02-01,1910,2,Feb,SH,-0.45
174,1911-02-01,1911,2,Feb,SH,-0.55
175,1912-02-01,1912,2,Feb,SH,-0.11
176,1913-02-01,1913,2,Feb,SH,-0.24
177,1914-02-01,1914,2,Feb,SH,-0.08
178,1915-02-01,1915,2,Feb,SH,0.03
179,1916-02-01,1916,2,Feb,SH,-0.12
180,1917-02-01,1917,2,Feb,SH,-0.58
181,1918-02-01,1918,2,Feb,SH,-0.23
182,1919-02-01,1919,2,Feb,SH,-0.05
183,1920-02-01,1920,2,Feb,SH,-0.22
184,1921-02-01,1921,2,Feb,SH,-0.27
185,1922-02-01,1922,2,Feb,SH,-0.25
186,1923-02-01,1923,2,Feb,SH,-0.31
187,1924-02-01,1924,2,Feb,SH,-0.24
188,1925-02-01,1925,2,Feb,SH,-0.43
189,1926-02-01,1926,2,Feb,SH,-0.11
190,1927-02-01,1927,2,Feb,SH,-0.27
191,1928-02-01,1928,2,Feb,SH,-0.26
192,1929-02-01,1929,2,Feb,SH,-0.37
193,1930-02-01,1930,2,Feb,SH,-0.33
194,1931-02-01,1931,2,Feb,SH,-0.15
195,1932-02-01,1932,2,Feb,SH,-0.15
196,1933-02-01,1933,2,Feb,SH,-0.27
197,1934-02-01,1934,2,Feb,SH,-0.39
198,1935-02-01,1935,2,Feb,SH,-0.29
199,1936-02-01,1936,2,Feb,SH,-0.23
200,1937-02-01,1937,2,Feb,SH,-0.18
201,1938-02-01,1938,2,Feb,SH,-0.21
202,1939-02-01,1939,2,Feb,SH,-0.13
203,1940-02-01,1940,2,Feb,SH,0.04
204,1941-02-01,1941,2,Feb,SH,0.17
205,1942-02-01,1942,2,Feb,SH,0.14
206,1943-02-01,1943,2,Feb,SH,-0.04
207,1944-02-01,1944,2,Feb,SH,0.05
208,1945-02-01,1945,2,Feb,SH,0.08
209,1946-02-01,1946,2,Feb,SH,-0.02
210,1947-02-01,1947,2,Feb,SH,-0.11
211,1948-02-01,1948,2,Feb,SH,-0.14
212,1949-02-01,1949,2,Feb,SH,-0.19
213,1950-02-01,1950,2,Feb,SH,-0.26
214,1951-02-01,1951,2,Feb,SH,-0.32
215,1952-02-01,1952,2,Feb,SH,0.06
216,1953-02-01,1953,2,Feb,SH,-0.07
217,1954-02-01,1954,2,Feb,SH,-0.19
218,1955-02-01,1955,2,Feb,SH,-0.2
219,1956-02-01,1956,2,Feb,SH,-0.17
220,1957-02-01,1957,2,Feb,SH,-0.01
221,1958-02-01,1958,2,Feb,SH,0.16
222,1959-02-01,1959,2,Feb,SH,-0.02
223,1960-02-01,1960,2,Feb,SH,-0.15
224,1961-02-01,1961,2,Feb,SH,0.08
225,1962-02-01,1962,2,Feb,SH,-0.07
226,1963-02-01,1963,2,Feb,SH,-0.14
227,1964-02-01,1964,2,Feb,SH,-0.17
228,1965-02-01,1965,2,Feb,SH,0.02
229,1966-02-01,1966,2,Feb,SH,-0.12
230,1967-02-01,1967,2,Feb,SH,-0.03
231,1968-02-01,1968,2,Feb,SH,-0.13
232,1969-02-01,1969,2,Feb,SH,0.11
233,1970-02-01,1970,2,Feb,SH,0.17
234,1971-02-01,1971,2,Feb,SH,-0.1
235,1972-02-01,1972,2,Feb,SH,0.17
236,1973-02-01,1973,2,Feb,SH,0.21
237,1974-02-01,1974,2,Feb,SH,-0.18
238,1975-02-01,1975,2,Feb,SH,0.06
239,1976-02-01,1976,2,Feb,SH,-0.01
240,1977-02-01,1977,2,Feb,SH,0.34
241,1978-02-01,1978,2,Feb,SH,0.16
242,1979-02-01,1979,2,Feb,SH,0.16
243,1980-02-01,1980,2,Feb,SH,0.38
244,1981-02-01,1981,2,Feb,SH,0.22
245,1982-02-01,1982,2,Feb,SH,0.15
246,1983-02-01,1983,2,Feb,SH,0.51
247,1984-02-01,1984,2,Feb,SH,0.26
248,1985-02-01,1985,2,Feb,SH,0.22
249,1986-02-01,1986,2,Feb,SH,0.42
250,1987-02-01,1987,2,Feb,SH,0.36
251,1988-02-01,1988,2,Feb,SH,0.43
252,1989-02-01,1989,2,Feb,SH,0.2
253,1990-02-01,1990,2,Feb,SH,0.33
254,1991-02-01,1991,2,Feb,SH,0.43
255,1992-02-01,1992,2,Feb,SH,0.3
256,1993-02-01,1993,2,Feb,SH,0.21
257,1994-02-01,1994,2,Feb,SH,0.1
258,1995-02-01,1995,2,Feb,SH,0.38
259,1996-02-01,1996,2,Feb,SH,0.37
260,1997-02-01,1997,2,Feb,SH,0.21
261,1998-02-01,1998,2,Feb,SH,0.72
262,1999-02-01,1999,2,Feb,SH,0.27
263,2000-02-01,2000,2,Feb,SH,0.21
264,2001-02-01,2001,2,Feb,SH,0.42
265,2002-02-01,2002,2,Feb,SH,0.42
266,2003-02-01,2003,2,Feb,SH,0.6
267,2004-02-01,2004,2,Feb,SH,0.52
268,2005-02-01,2005,2,Feb,SH,0.48
269,2006-02-01,2006,2,Feb,SH,0.5
270,2007-02-01,2007,2,Feb,SH,0.5
271,2008-02-01,2008,2,Feb,SH,0.16
272,2009-02-01,2009,2,Feb,SH,0.35
273,2010-02-01,2010,2,Feb,SH,0.73
274,2011-02-01,2011,2,Feb,SH,0.39
275,2012-02-01,2012,2,Feb,SH,0.39
276,2013-02-01,2013,2,Feb,SH,0.45
277,2014-02-01,2014,2,Feb,SH,0.38
278,2015-02-01,2015,2,Feb,SH,0.61
279,2016-02-01,2016,2,Feb,SH,0.79
280,2017-02-01,2017,2,Feb,SH,0.74
281,2018-02-01,2018,2,Feb,SH,0.44
282,2019-02-01,2019,2,Feb,SH,0.76
283,2020-02-01,2020,2,Feb,SH,0.77
284,2021-02-01,2021,2,Feb,SH,0.32
285,2022-02-01,2022,2,Feb,SH,0.61
286,1880-03-01,1880,3,Mar,SH,0.07
287,1881-03-01,1881,3,Mar,SH,0.1
288,1882-03-01,1882,3,Mar,SH,0.08
289,1883-03-01,1883,3,Mar,SH,-0.08
290,1884-03-01,1884,3,Mar,SH,-0.09
291,1885-03-01,1885,3,Mar,SH,-0.29
292,1886-03-01,1886,3,Mar,SH,-0.16
293,1887-03-01,1887,3,Mar,SH,-0.27
294,1888-03-01,1888,3,Mar,SH,-0.21
295,1889-03-01,1889,3,Mar,SH,0.13
296,1890-03-01,1890,3,Mar,SH,-0.33
297,1891-03-01,1891,3,Mar,SH,-0.2
298,1892-03-01,1892,3,Mar,SH,-0.13
299,1893-03-01,1893,3,Mar,SH,-0.11
300,1894-03-01,1894,3,Mar,SH,-0.23
301,1895-03-01,1895,3,Mar,SH,-0.16
302,1896-03-01,1896,3,Mar,SH,-0.03
303,1897-03-01,1897,3,Mar,SH,0.12
304,1898-03-01,1898,3,Mar,SH,-0.23
305,1899-03-01,1899,3,Mar,SH,-0.13
306,1900-03-01,1900,3,Mar,SH,-0.04
307,1901-03-01,1901,3,Mar,SH,-0.14
308,1902-03-01,1902,3,Mar,SH,-0.17
309,1903-03-01,1903,3,Mar,SH,-0.29
310,1904-03-01,1904,3,Mar,SH,-0.55
311,1905-03-01,1905,3,Mar,SH,-0.19
312,1906-03-01,1906,3,Mar,SH,-0.15
313,1907-03-01,1907,3,Mar,SH,-0.23
314,1908-03-01,1908,3,Mar,SH,-0.38
315,1909-03-01,1909,3,Mar,SH,-0.4
316,1910-03-01,1910,3,Mar,SH,-0.52
317,1911-03-01,1911,3,Mar,SH,-0.57
318,1912-03-01,1912,3,Mar,SH,-0.13
319,1913-03-01,1913,3,Mar,SH,-0.37
320,1914-03-01,1914,3,Mar,SH,-0.11
321,1915-03-01,1915,3,Mar,SH,0.05
322,1916-03-01,1916,3,Mar,SH,-0.17
323,1917-03-01,1917,3,Mar,SH,-0.53
324,1918-03-01,1918,3,Mar,SH,-0.24
325,1919-03-01,1919,3,Mar,SH,-0.02
326,1920-03-01,1920,3,Mar,SH,-0.24
327,1921-03-01,1921,3,Mar,SH,-0.36
328,1922-03-01,1922,3,Mar,SH,-0.19
329,1923-03-01,1923,3,Mar,SH,-0.29
330,1924-03-01,1924,3,Mar,SH,-0.18
331,1925-03-01,1925,3,Mar,SH,-0.32
332,1926-03-01,1926,3,Mar,SH,-0.14
333,1927-03-01,1927,3,Mar,SH,-0.29
334,1928-03-01,1928,3,Mar,SH,-0.26
335,1929-03-01,1929,3,Mar,SH,-0.46
336,1930-03-01,1930,3,Mar,SH,-0.32
337,1931-03-01,1931,3,Mar,SH,-0.12
338,1932-03-01,1932,3,Mar,SH,-0.15
339,1933-03-01,1933,3,Mar,SH,-0.26
340,1934-03-01,1934,3,Mar,SH,-0.32
341,1935-03-01,1935,3,Mar,SH,-0.31
342,1936-03-01,1936,3,Mar,SH,-0.28
343,1937-03-01,1937,3,Mar,SH,-0.17
344,1938-03-01,1938,3,Mar,SH,-0.15
345,1939-03-01,1939,3,Mar,SH,-0.12
346,1940-03-01,1940,3,Mar,SH,0.17
347,1941-03-01,1941,3,Mar,SH,0.1
348,1942-03-01,1942,3,Mar,SH,0.12
349,1943-03-01,1943,3,Mar,SH,-0.07
350,1944-03-01,1944,3,Mar,SH,0.21
351,1945-03-01,1945,3,Mar,SH,0.03
352,1946-03-01,1946,3,Mar,SH,-0.08
353,1947-03-01,1947,3,Mar,SH,-0.16
354,1948-03-01,1948,3,Mar,SH,-0.21
355,1949-03-01,1949,3,Mar,SH,-0.08
356,1950-03-01,1950,3,Mar,SH,-0.22
357,1951-03-01,1951,3,Mar,SH,-0.22
358,1952-03-01,1952,3,Mar,SH,0.07
359,1953-03-01,1953,3,Mar,SH,-0.03
360,1954-03-01,1954,3,Mar,SH,-0.13
361,1955-03-01,1955,3,Mar,SH,-0.22
362,1956-03-01,1956,3,Mar,SH,-0.19
363,1957-03-01,1957,3,Mar,SH,0.0
364,1958-03-01,1958,3,Mar,SH,0.02
365,1959-03-01,1959,3,Mar,SH,0.02
366,1960-03-01,1960,3,Mar,SH,-0.29
367,1961-03-01,1961,3,Mar,SH,-0.03
368,1962-03-01,1962,3,Mar,SH,-0.09
369,1963-03-01,1963,3,Mar,SH,-0.16
370,1964-03-01,1964,3,Mar,SH,-0.1
371,1965-03-01,1965,3,Mar,SH,-0.16
372,1966-03-01,1966,3,Mar,SH,0.07
373,1967-03-01,1967,3,Mar,SH,-0.14
374,1968-03-01,1968,3,Mar,SH,-0.05
375,1969-03-01,1969,3,Mar,SH,0.22
376,1970-03-01,1970,3,Mar,SH,0.19
377,1971-03-01,1971,3,Mar,SH,-0.08
378,1972-03-01,1972,3,Mar,SH,0.04
379,1973-03-01,1973,3,Mar,SH,0.26
380,1974-03-01,1974,3,Mar,SH,-0.14
381,1975-03-01,1975,3,Mar,SH,0.14
382,1976-03-01,1976,3,Mar,SH,-0.12
383,1977-03-01,1977,3,Mar,SH,0.22
384,1978-03-01,1978,3,Mar,SH,0.17
385,1979-03-01,1979,3,Mar,SH,0.2
386,1980-03-01,1980,3,Mar,SH,0.52
387,1981-03-01,1981,3,Mar,SH,0.28
388,1982-03-01,1982,3,Mar,SH,0.01
389,1983-03-01,1983,3,Mar,SH,0.41
390,1984-03-01,1984,3,Mar,SH,0.35
391,1985-03-01,1985,3,Mar,SH,0.35
392,1986-03-01,1986,3,Mar,SH,0.34
393,1987-03-01,1987,3,Mar,SH,0.37
394,1988-03-01,1988,3,Mar,SH,0.56
395,1989-03-01,1989,3,Mar,SH,0.26
396,1990-03-01,1990,3,Mar,SH,0.42
397,1991-03-01,1991,3,Mar,SH,0.25
398,1992-03-01,1992,3,Mar,SH,0.41
399,1993-03-01,1993,3,Mar,SH,0.33
400,1994-03-01,1994,3,Mar,SH,0.09
401,1995-03-01,1995,3,Mar,SH,0.34
402,1996-03-01,1996,3,Mar,SH,0.33
403,1997-03-01,1997,3,Mar,SH,0.28
404,1998-03-01,1998,3,Mar,SH,0.54
405,1999-03-01,1999,3,Mar,SH,0.35
406,2000-03-01,2000,3,Mar,SH,0.25
407,2001-03-01,2001,3,Mar,SH,0.35
408,2002-03-01,2002,3,Mar,SH,0.64
409,2003-03-01,2003,3,Mar,SH,0.52
410,2004-03-01,2004,3,Mar,SH,0.39
411,2005-03-01,2005,3,Mar,SH,0.53
412,2006-03-01,2006,3,Mar,SH,0.47
413,2007-03-01,2007,3,Mar,SH,0.49
414,2008-03-01,2008,3,Mar,SH,0.34
415,2009-03-01,2009,3,Mar,SH,0.48
416,2010-03-01,2010,3,Mar,SH,0.74
417,2011-03-01,2011,3,Mar,SH,0.42
418,2012-03-01,2012,3,Mar,SH,0.44
419,2013-03-01,2013,3,Mar,SH,0.53
420,2014-03-01,2014,3,Mar,SH,0.35
421,2015-03-01,2015,3,Mar,SH,0.58
422,2016-03-01,2016,3,Mar,SH,0.81
423,2017-03-01,2017,3,Mar,SH,0.8
424,2018-03-01,2018,3,Mar,SH,0.59
425,2019-03-01,2019,3,Mar,SH,0.78
426,2020-03-01,2020,3,Mar,SH,0.67
427,2021-03-01,2021,3,Mar,SH,0.56
428,2022-03-01,2022,3,Mar,SH,0.67
429,1880-04-01,1880,4,Apr,SH,-0.01
430,1881-04-01,1881,4,Apr,SH,0.1
431,1882-04-01,1882,4,Apr,SH,-0.01
432,1883-04-01,1883,4,Apr,SH,-0.06
433,1884-04-01,1884,4,Apr,SH,-0.21
434,1885-04-01,1885,4,Apr,SH,-0.35
435,1886-04-01,1886,4,Apr,SH,-0.19
436,1887-04-01,1887,4,Apr,SH,-0.3
437,1888-04-01,1888,4,Apr,SH,-0.19
438,1889-04-01,1889,4,Apr,SH,0.03
439,1890-04-01,1890,4,Apr,SH,-0.34
440,1891-04-01,1891,4,Apr,SH,-0.19
441,1892-04-01,1892,4,Apr,SH,-0.21
442,1893-04-01,1893,4,Apr,SH,-0.24
443,1894-04-01,1894,4,Apr,SH,-0.35
444,1895-04-01,1895,4,Apr,SH,-0.24
445,1896-04-01,1896,4,Apr,SH,-0.01
446,1897-04-01,1897,4,Apr,SH,0.01
447,1898-04-01,1898,4,Apr,SH,-0.33
448,1899-04-01,1899,4,Apr,SH,-0.17
449,1900-04-01,1900,4,Apr,SH,-0.07
450,1901-04-01,1901,4,Apr,SH,-0.15
451,1902-04-01,1902,4,Apr,SH,-0.18
452,1903-04-01,1903,4,Apr,SH,-0.35
453,1904-04-01,1904,4,Apr,SH,-0.51
454,1905-04-01,1905,4,Apr,SH,-0.2
455,1906-04-01,1906,4,Apr,SH,-0.14
456,1907-04-01,1907,4,Apr,SH,-0.28
457,1908-04-01,1908,4,Apr,SH,-0.4
458,1909-04-01,1909,4,Apr,SH,-0.51
459,1910-04-01,1910,4,Apr,SH,-0.44
460,1911-04-01,1911,4,Apr,SH,-0.6
461,1912-04-01,1912,4,Apr,SH,-0.18
462,1913-04-01,1913,4,Apr,SH,-0.28
463,1914-04-01,1914,4,Apr,SH,-0.19
464,1915-04-01,1915,4,Apr,SH,0.07
465,1916-04-01,1916,4,Apr,SH,-0.26
466,1917-04-01,1917,4,Apr,SH,-0.46
467,1918-04-01,1918,4,Apr,SH,-0.3
468,1919-04-01,1919,4,Apr,SH,-0.01
469,1920-04-01,1920,4,Apr,SH,-0.27
470,1921-04-01,1921,4,Apr,SH,-0.43
471,1922-04-01,1922,4,Apr,SH,-0.3
472,1923-04-01,1923,4,Apr,SH,-0.28
473,1924-04-01,1924,4,Apr,SH,-0.33
474,1925-04-01,1925,4,Apr,SH,-0.35
475,1926-04-01,1926,4,Apr,SH,-0.11
476,1927-04-01,1927,4,Apr,SH,-0.34
477,1928-04-01,1928,4,Apr,SH,-0.23
478,1929-04-01,1929,4,Apr,SH,-0.47
479,1930-04-01,1930,4,Apr,SH,-0.33
480,1931-04-01,1931,4,Apr,SH,-0.22
481,1932-04-01,1932,4,Apr,SH,-0.21
482,1933-04-01,1933,4,Apr,SH,-0.31
483,1934-04-01,1934,4,Apr,SH,-0.33
484,1935-04-01,1935,4,Apr,SH,-0.38
485,1936-04-01,1936,4,Apr,SH,-0.33
486,1937-04-01,1937,4,Apr,SH,-0.25
487,1938-04-01,1938,4,Apr,SH,-0.19
488,1939-04-01,1939,4,Apr,SH,-0.12
489,1940-04-01,1940,4,Apr,SH,0.08
490,1941-04-01,1941,4,Apr,SH,0.23
491,1942-04-01,1942,4,Apr,SH,0.1
492,1943-04-01,1943,4,Apr,SH,-0.1
493,1944-04-01,1944,4,Apr,SH,0.21
494,1945-04-01,1945,4,Apr,SH,0.1
495,1946-04-01,1946,4,Apr,SH,-0.2
496,1947-04-01,1947,4,Apr,SH,-0.1
497,1948-04-01,1948,4,Apr,SH,-0.2
498,1949-04-01,1949,4,Apr,SH,-0.19
499,1950-04-01,1950,4,Apr,SH,-0.2
500,1951-04-01,1951,4,Apr,SH,-0.35
501,1952-04-01,1952,4,Apr,SH,-0.1
502,1953-04-01,1953,4,Apr,SH,-0.02
503,1954-04-01,1954,4,Apr,SH,-0.28
504,1955-04-01,1955,4,Apr,SH,-0.22
505,1956-04-01,1956,4,Apr,SH,-0.3
506,1957-04-01,1957,4,Apr,SH,0.09
507,1958-04-01,1958,4,Apr,SH,0.01
508,1959-04-01,1959,4,Apr,SH,0.09
509,1960-04-01,1960,4,Apr,SH,-0.17
510,1961-04-01,1961,4,Apr,SH,0.12
511,1962-04-01,1962,4,Apr,SH,-0.13
512,1963-04-01,1963,4,Apr,SH,-0.18
513,1964-04-01,1964,4,Apr,SH,-0.32
514,1965-04-01,1965,4,Apr,SH,-0.12
515,1966-04-01,1966,4,Apr,SH,-0.04
516,1967-04-01,1967,4,Apr,SH,-0.15
517,1968-04-01,1968,4,Apr,SH,-0.11
518,1969-04-01,1969,4,Apr,SH,0.31
519,1970-04-01,1970,4,Apr,SH,0.13
520,1971-04-01,1971,4,Apr,SH,0.06
521,1972-04-01,1972,4,Apr,SH,0.12
522,1973-04-01,1973,4,Apr,SH,0.36
523,1974-04-01,1974,4,Apr,SH,-0.14
524,1975-04-01,1975,4,Apr,SH,0.02
525,1976-04-01,1976,4,Apr,SH,-0.17
526,1977-04-01,1977,4,Apr,SH,0.28
527,1978-04-01,1978,4,Apr,SH,0.26
528,1979-04-01,1979,4,Apr,SH,0.47
529,1980-04-01,1980,4,Apr,SH,0.46
530,1981-04-01,1981,4,Apr,SH,0.26
531,1982-04-01,1982,4,Apr,SH,0.13
532,1983-04-01,1983,4,Apr,SH,0.5
533,1984-04-01,1984,4,Apr,SH,0.19
534,1985-04-01,1985,4,Apr,SH,0.27
535,1986-04-01,1986,4,Apr,SH,0.3
536,1987-04-01,1987,4,Apr,SH,0.42
537,1988-04-01,1988,4,Apr,SH,0.42
538,1989-04-01,1989,4,Apr,SH,0.26
539,1990-04-01,1990,4,Apr,SH,0.42
540,1991-04-01,1991,4,Apr,SH,0.46
541,1992-04-01,1992,4,Apr,SH,0.39
542,1993-04-01,1993,4,Apr,SH,0.32
543,1994-04-01,1994,4,Apr,SH,0.34
544,1995-04-01,1995,4,Apr,SH,0.22
545,1996-04-01,1996,4,Apr,SH,0.48
546,1997-04-01,1997,4,Apr,SH,0.18
547,1998-04-01,1998,4,Apr,SH,0.4
548,1999-04-01,1999,4,Apr,SH,0.1
549,2000-04-01,2000,4,Apr,SH,0.24
550,2001-04-01,2001,4,Apr,SH,0.41
551,2002-04-01,2002,4,Apr,SH,0.66
552,2003-04-01,2003,4,Apr,SH,0.49
553,2004-04-01,2004,4,Apr,SH,0.52
554,2005-04-01,2005,4,Apr,SH,0.41
555,2006-04-01,2006,4,Apr,SH,0.34
556,2007-04-01,2007,4,Apr,SH,0.44
557,2008-04-01,2008,4,Apr,SH,0.42
558,2009-04-01,2009,4,Apr,SH,0.52
559,2010-04-01,2010,4,Apr,SH,0.56
560,2011-04-01,2011,4,Apr,SH,0.45
561,2012-04-01,2012,4,Apr,SH,0.38
562,2013-04-01,2013,4,Apr,SH,0.4
563,2014-04-01,2014,4,Apr,SH,0.51
564,2015-04-01,2015,4,Apr,SH,0.5
565,2016-04-01,2016,4,Apr,SH,0.73
566,2017-04-01,2017,4,Apr,SH,0.68
567,2018-04-01,2018,4,Apr,SH,0.8
568,2019-04-01,2019,4,Apr,SH,0.78
569,2020-04-01,2020,4,Apr,SH,0.86
570,2021-04-01,2021,4,Apr,SH,0.38
571,2022-04-01,2022,4,Apr,SH,0.58
572,1880-05-01,1880,5,May,SH,-0.12
573,1881-05-01,1881,5,May,SH,0.1
574,1882-05-01,1882,5,May,SH,-0.03
575,1883-05-01,1883,5,May,SH,-0.09
576,1884-05-01,1884,5,May,SH,-0.31
577,1885-05-01,1885,5,May,SH,-0.32
578,1886-05-01,1886,5,May,SH,-0.15
579,1887-05-01,1887,5,May,SH,-0.34
580,1888-05-01,1888,5,May,SH,-0.28
581,1889-05-01,1889,5,May,SH,0.02
582,1890-05-01,1890,5,May,SH,-0.43
583,1891-05-01,1891,5,May,SH,-0.17
584,1892-05-01,1892,5,May,SH,-0.23
585,1893-05-01,1893,5,May,SH,-0.24
586,1894-05-01,1894,5,May,SH,-0.34
587,1895-05-01,1895,5,May,SH,-0.23
588,1896-05-01,1896,5,May,SH,-0.14
589,1897-05-01,1897,5,May,SH,-0.15
590,1898-05-01,1898,5,May,SH,-0.33
591,1899-05-01,1899,5,May,SH,-0.22
592,1900-05-01,1900,5,May,SH,-0.12
593,1901-05-01,1901,5,May,SH,-0.18
594,1902-05-01,1902,5,May,SH,-0.24
595,1903-05-01,1903,5,May,SH,-0.36
596,1904-05-01,1904,5,May,SH,-0.59
597,1905-05-01,1905,5,May,SH,-0.28
598,1906-05-01,1906,5,May,SH,-0.25
599,1907-05-01,1907,5,May,SH,-0.33
600,1908-05-01,1908,5,May,SH,-0.45
601,1909-05-01,1909,5,May,SH,-0.58
602,1910-05-01,1910,5,May,SH,-0.37
603,1911-05-01,1911,5,May,SH,-0.57
604,1912-05-01,1912,5,May,SH,-0.28
605,1913-05-01,1913,5,May,SH,-0.32
606,1914-05-01,1914,5,May,SH,-0.22
607,1915-05-01,1915,5,May,SH,-0.09
608,1916-05-01,1916,5,May,SH,-0.33
609,1917-05-01,1917,5,May,SH,-0.38
610,1918-05-01,1918,5,May,SH,-0.36
611,1919-05-01,1919,5,May,SH,-0.13
612,1920-05-01,1920,5,May,SH,-0.31
613,1921-05-01,1921,5,May,SH,-0.35
614,1922-05-01,1922,5,May,SH,-0.47
615,1923-05-01,1923,5,May,SH,-0.28
616,1924-05-01,1924,5,May,SH,-0.29
617,1925-05-01,1925,5,May,SH,-0.36
618,1926-05-01,1926,5,May,SH,-0.22
619,1927-05-01,1927,5,May,SH,-0.37
620,1928-05-01,1928,5,May,SH,-0.42
621,1929-05-01,1929,5,May,SH,-0.48
622,1930-05-01,1930,5,May,SH,-0.27
623,1931-05-01,1931,5,May,SH,-0.22
624,1932-05-01,1932,5,May,SH,-0.24
625,1933-05-01,1933,5,May,SH,-0.31
626,1934-05-01,1934,5,May,SH,-0.27
627,1935-05-01,1935,5,May,SH,-0.28
628,1936-05-01,1936,5,May,SH,-0.3
629,1937-05-01,1937,5,May,SH,-0.22
630,1938-05-01,1938,5,May,SH,-0.22
631,1939-05-01,1939,5,May,SH,-0.1
632,1940-05-01,1940,5,May,SH,0.07
633,1941-05-01,1941,5,May,SH,0.14
634,1942-05-01,1942,5,May,SH,0.06
635,1943-05-01,1943,5,May,SH,-0.1
636,1944-05-01,1944,5,May,SH,0.15
637,1945-05-01,1945,5,May,SH,0.05
638,1946-05-01,1946,5,May,SH,-0.16
639,1947-05-01,1947,5,May,SH,-0.09
640,1948-05-01,1948,5,May,SH,-0.17
641,1949-05-01,1949,5,May,SH,-0.2
642,1950-05-01,1950,5,May,SH,-0.18
643,1951-05-01,1951,5,May,SH,-0.18
644,1952-05-01,1952,5,May,SH,-0.19
645,1953-05-01,1953,5,May,SH,-0.01
646,1954-05-01,1954,5,May,SH,-0.33
647,1955-05-01,1955,5,May,SH,-0.29
648,1956-05-01,1956,5,May,SH,-0.29
649,1957-05-01,1957,5,May,SH,0.23
650,1958-05-01,1958,5,May,SH,0.0
651,1959-05-01,1959,5,May,SH,0.05
652,1960-05-01,1960,5,May,SH,-0.19
653,1961-05-01,1961,5,May,SH,0.17
654,1962-05-01,1962,5,May,SH,-0.15
655,1963-05-01,1963,5,May,SH,-0.07
656,1964-05-01,1964,5,May,SH,-0.39
657,1965-05-01,1965,5,May,SH,-0.1
658,1966-05-01,1966,5,May,SH,-0.19
659,1967-05-01,1967,5,May,SH,0.04
660,1968-05-01,1968,5,May,SH,-0.23
661,1969-05-01,1969,5,May,SH,0.26
662,1970-05-01,1970,5,May,SH,-0.06
663,1971-05-01,1971,5,May,SH,0.01
664,1972-05-01,1972,5,May,SH,0.09
665,1973-05-01,1973,5,May,SH,0.36
666,1974-05-01,1974,5,May,SH,0.11
667,1975-05-01,1975,5,May,SH,0.32
668,1976-05-01,1976,5,May,SH,-0.16
669,1977-05-01,1977,5,May,SH,0.42
670,1978-05-01,1978,5,May,SH,0.24
671,1979-05-01,1979,5,May,SH,0.07
672,1980-05-01,1980,5,May,SH,0.45
673,1981-05-01,1981,5,May,SH,0.31
674,1982-05-01,1982,5,May,SH,0.27
675,1983-05-01,1983,5,May,SH,0.62
676,1984-05-01,1984,5,May,SH,0.42
677,1985-05-01,1985,5,May,SH,0.2
678,1986-05-01,1986,5,May,SH,0.24
679,1987-05-01,1987,5,May,SH,0.29
680,1988-05-01,1988,5,May,SH,0.45
681,1989-05-01,1989,5,May,SH,0.12
682,1990-05-01,1990,5,May,SH,0.41
683,1991-05-01,1991,5,May,SH,0.36
684,1992-05-01,1992,5,May,SH,0.44
685,1993-05-01,1993,5,May,SH,0.25
686,1994-05-01,1994,5,May,SH,0.17
687,1995-05-01,1995,5,May,SH,0.14
688,1996-05-01,1996,5,May,SH,0.2
689,1997-05-01,1997,5,May,SH,0.26
690,1998-05-01,1998,5,May,SH,0.7
691,1999-05-01,1999,5,May,SH,0.16
692,2000-05-01,2000,5,May,SH,0.17
693,2001-05-01,2001,5,May,SH,0.46
694,2002-05-01,2002,5,May,SH,0.77
695,2003-05-01,2003,5,May,SH,0.5
696,2004-05-01,2004,5,May,SH,0.22
697,2005-05-01,2005,5,May,SH,0.49
698,2006-05-01,2006,5,May,SH,0.2
699,2007-05-01,2007,5,May,SH,0.65
700,2008-05-01,2008,5,May,SH,0.38
701,2009-05-01,2009,5,May,SH,0.64
702,2010-05-01,2010,5,May,SH,0.58
703,2011-05-01,2011,5,May,SH,0.4
704,2012-05-01,2012,5,May,SH,0.59
705,2013-05-01,2013,5,May,SH,0.44
706,2014-05-01,2014,5,May,SH,0.82
707,2015-05-01,2015,5,May,SH,0.56
708,2016-05-01,2016,5,May,SH,0.79
709,2017-05-01,2017,5,May,SH,0.9
710,2018-05-01,2018,5,May,SH,0.64
711,2019-05-01,2019,5,May,SH,0.72
712,2020-05-01,2020,5,May,SH,0.76
713,2021-05-01,2021,5,May,SH,0.53
714,2022-05-01,2022,5,May,SH,0.67
715,1880-06-01,1880,6,Jun,SH,-0.24
716,1881-06-01,1881,6,Jun,SH,-0.05
717,1882-06-01,1882,6,Jun,SH,-0.15
718,1883-06-01,1883,6,Jun,SH,-0.02
719,1884-06-01,1884,6,Jun,SH,-0.29
720,1885-06-01,1885,6,Jun,SH,-0.42
721,1886-06-01,1886,6,Jun,SH,-0.31
722,1887-06-01,1887,6,Jun,SH,-0.27
723,1888-06-01,1888,6,Jun,SH,-0.31
724,1889-06-01,1889,6,Jun,SH,-0.13
725,1890-06-01,1890,6,Jun,SH,-0.32
726,1891-06-01,1891,6,Jun,SH,-0.28
727,1892-06-01,1892,6,Jun,SH,-0.38
728,1893-06-01,1893,6,Jun,SH,-0.32
729,1894-06-01,1894,6,Jun,SH,-0.4
730,1895-06-01,1895,6,Jun,SH,-0.21
731,1896-06-01,1896,6,Jun,SH,-0.28
732,1897-06-01,1897,6,Jun,SH,-0.16
733,1898-06-01,1898,6,Jun,SH,-0.29
734,1899-06-01,1899,6,Jun,SH,-0.27
735,1900-06-01,1900,6,Jun,SH,-0.09
736,1901-06-01,1901,6,Jun,SH,-0.24
737,1902-06-01,1902,6,Jun,SH,-0.22
738,1903-06-01,1903,6,Jun,SH,-0.39
739,1904-06-01,1904,6,Jun,SH,-0.48
740,1905-06-01,1905,6,Jun,SH,-0.27
741,1906-06-01,1906,6,Jun,SH,-0.26
742,1907-06-01,1907,6,Jun,SH,-0.32
743,1908-06-01,1908,6,Jun,SH,-0.46
744,1909-06-01,1909,6,Jun,SH,-0.51
745,1910-06-01,1910,6,Jun,SH,-0.32
746,1911-06-01,1911,6,Jun,SH,-0.66
747,1912-06-01,1912,6,Jun,SH,-0.31
748,1913-06-01,1913,6,Jun,SH,-0.39
749,1914-06-01,1914,6,Jun,SH,-0.27
750,1915-06-01,1915,6,Jun,SH,-0.29
751,1916-06-01,1916,6,Jun,SH,-0.48
752,1917-06-01,1917,6,Jun,SH,-0.38
753,1918-06-01,1918,6,Jun,SH,-0.27
754,1919-06-01,1919,6,Jun,SH,-0.32
755,1920-06-01,1920,6,Jun,SH,-0.44
756,1921-06-01,1921,6,Jun,SH,-0.38
757,1922-06-01,1922,6,Jun,SH,-0.45
758,1923-06-01,1923,6,Jun,SH,-0.34
759,1924-06-01,1924,6,Jun,SH,-0.32
760,1925-06-01,1925,6,Jun,SH,-0.38
761,1926-06-01,1926,6,Jun,SH,-0.29
762,1927-06-01,1927,6,Jun,SH,-0.4
763,1928-06-01,1928,6,Jun,SH,-0.44
764,1929-06-01,1929,6,Jun,SH,-0.47
765,1930-06-01,1930,6,Jun,SH,-0.31
766,1931-06-01,1931,6,Jun,SH,-0.29
767,1932-06-01,1932,6,Jun,SH,-0.41
768,1933-06-01,1933,6,Jun,SH,-0.36
769,1934-06-01,1934,6,Jun,SH,-0.27
770,1935-06-01,1935,6,Jun,SH,-0.38
771,1936-06-01,1936,6,Jun,SH,-0.47
772,1937-06-01,1937,6,Jun,SH,-0.23
773,1938-06-01,1938,6,Jun,SH,-0.28
774,1939-06-01,1939,6,Jun,SH,-0.13
775,1940-06-01,1940,6,Jun,SH,0.07
776,1941-06-01,1941,6,Jun,SH,0.08
777,1942-06-01,1942,6,Jun,SH,0.0
778,1943-06-01,1943,6,Jun,SH,-0.04
779,1944-06-01,1944,6,Jun,SH,0.17
780,1945-06-01,1945,6,Jun,SH,-0.05
781,1946-06-01,1946,6,Jun,SH,-0.37
782,1947-06-01,1947,6,Jun,SH,-0.03
783,1948-06-01,1948,6,Jun,SH,-0.15
784,1949-06-01,1949,6,Jun,SH,-0.34
785,1950-06-01,1950,6,Jun,SH,-0.06
786,1951-06-01,1951,6,Jun,SH,-0.11
787,1952-06-01,1952,6,Jun,SH,-0.22
788,1953-06-01,1953,6,Jun,SH,-0.01
789,1954-06-01,1954,6,Jun,SH,-0.34
790,1955-06-01,1955,6,Jun,SH,-0.19
791,1956-06-01,1956,6,Jun,SH,-0.13
792,1957-06-01,1957,6,Jun,SH,0.19
793,1958-06-01,1958,6,Jun,SH,-0.2
794,1959-06-01,1959,6,Jun,SH,-0.08
795,1960-06-01,1960,6,Jun,SH,-0.26
796,1961-06-01,1961,6,Jun,SH,0.05
797,1962-06-01,1962,6,Jun,SH,0.19
798,1963-06-01,1963,6,Jun,SH,0.13
799,1964-06-01,1964,6,Jun,SH,0.01
800,1965-06-01,1965,6,Jun,SH,0.04
801,1966-06-01,1966,6,Jun,SH,-0.04
802,1967-06-01,1967,6,Jun,SH,-0.1
803,1968-06-01,1968,6,Jun,SH,-0.14
804,1969-06-01,1969,6,Jun,SH,0.11
805,1970-06-01,1970,6,Jun,SH,-0.06
806,1971-06-01,1971,6,Jun,SH,-0.2
807,1972-06-01,1972,6,Jun,SH,0.18
808,1973-06-01,1973,6,Jun,SH,0.22
809,1974-06-01,1974,6,Jun,SH,0.08
810,1975-06-01,1975,6,Jun,SH,0.05
811,1976-06-01,1976,6,Jun,SH,-0.05
812,1977-06-01,1977,6,Jun,SH,0.31
813,1978-06-01,1978,6,Jun,SH,0.11
814,1979-06-01,1979,6,Jun,SH,0.2
815,1980-06-01,1980,6,Jun,SH,0.23
816,1981-06-01,1981,6,Jun,SH,0.3
817,1982-06-01,1982,6,Jun,SH,0.11
818,1983-06-01,1983,6,Jun,SH,0.35
819,1984-06-01,1984,6,Jun,SH,-0.03
820,1985-06-01,1985,6,Jun,SH,0.29
821,1986-06-01,1986,6,Jun,SH,0.11
822,1987-06-01,1987,6,Jun,SH,0.53
823,1988-06-01,1988,6,Jun,SH,0.4
824,1989-06-01,1989,6,Jun,SH,0.1
825,1990-06-01,1990,6,Jun,SH,0.28
826,1991-06-01,1991,6,Jun,SH,0.59
827,1992-06-01,1992,6,Jun,SH,0.47
828,1993-06-01,1993,6,Jun,SH,0.24
829,1994-06-01,1994,6,Jun,SH,0.45
830,1995-06-01,1995,6,Jun,SH,0.37
831,1996-06-01,1996,6,Jun,SH,0.26
832,1997-06-01,1997,6,Jun,SH,0.6
833,1998-06-01,1998,6,Jun,SH,0.82
834,1999-06-01,1999,6,Jun,SH,0.37
835,2000-06-01,2000,6,Jun,SH,0.36
836,2001-06-01,2001,6,Jun,SH,0.52
837,2002-06-01,2002,6,Jun,SH,0.38
838,2003-06-01,2003,6,Jun,SH,0.42
839,2004-06-01,2004,6,Jun,SH,0.4
840,2005-06-01,2005,6,Jun,SH,0.5
841,2006-06-01,2006,6,Jun,SH,0.5
842,2007-06-01,2007,6,Jun,SH,0.57
843,2008-06-01,2008,6,Jun,SH,0.36
844,2009-06-01,2009,6,Jun,SH,0.61
845,2010-06-01,2010,6,Jun,SH,0.52
846,2011-06-01,2011,6,Jun,SH,0.49
847,2012-06-01,2012,6,Jun,SH,0.35
848,2013-06-01,2013,6,Jun,SH,0.61
849,2014-06-01,2014,6,Jun,SH,0.53
850,2015-06-01,2015,6,Jun,SH,0.58
851,2016-06-01,2016,6,Jun,SH,0.5
852,2017-06-01,2017,6,Jun,SH,0.52
853,2018-06-01,2018,6,Jun,SH,0.68
854,2019-06-01,2019,6,Jun,SH,0.63
855,2020-06-01,2020,6,Jun,SH,0.71
856,2021-06-01,2021,6,Jun,SH,0.48
857,2022-06-01,2022,6,Jun,SH,0.72
858,1880-07-01,1880,7,Jul,SH,-0.16
859,1881-07-01,1881,7,Jul,SH,-0.07
860,1882-07-01,1882,7,Jul,SH,-0.04
861,1883-07-01,1883,7,Jul,SH,-0.08
862,1884-07-01,1884,7,Jul,SH,-0.21
863,1885-07-01,1885,7,Jul,SH,-0.33
864,1886-07-01,1886,7,Jul,SH,-0.21
865,1887-07-01,1887,7,Jul,SH,-0.26
866,1888-07-01,1888,7,Jul,SH,-0.2
867,1889-07-01,1889,7,Jul,SH,-0.06
868,1890-07-01,1890,7,Jul,SH,-0.32
869,1891-07-01,1891,7,Jul,SH,-0.23
870,1892-07-01,1892,7,Jul,SH,-0.25
871,1893-07-01,1893,7,Jul,SH,-0.14
872,1894-07-01,1894,7,Jul,SH,-0.26
873,1895-07-01,1895,7,Jul,SH,-0.14
874,1896-07-01,1896,7,Jul,SH,-0.04
875,1897-07-01,1897,7,Jul,SH,-0.07
876,1898-07-01,1898,7,Jul,SH,-0.32
877,1899-07-01,1899,7,Jul,SH,-0.15
878,1900-07-01,1900,7,Jul,SH,-0.12
879,1901-07-01,1901,7,Jul,SH,-0.28
880,1902-07-01,1902,7,Jul,SH,-0.22
881,1903-07-01,1903,7,Jul,SH,-0.27
882,1904-07-01,1904,7,Jul,SH,-0.41
883,1905-07-01,1905,7,Jul,SH,-0.29
884,1906-07-01,1906,7,Jul,SH,-0.18
885,1907-07-01,1907,7,Jul,SH,-0.29
886,1908-07-01,1908,7,Jul,SH,-0.34
887,1909-07-01,1909,7,Jul,SH,-0.44
888,1910-07-01,1910,7,Jul,SH,-0.3
889,1911-07-01,1911,7,Jul,SH,-0.45
890,1912-07-01,1912,7,Jul,SH,-0.31
891,1913-07-01,1913,7,Jul,SH,-0.19
892,1914-07-01,1914,7,Jul,SH,-0.12
893,1915-07-01,1915,7,Jul,SH,-0.13
894,1916-07-01,1916,7,Jul,SH,-0.4
895,1917-07-01,1917,7,Jul,SH,-0.18
896,1918-07-01,1918,7,Jul,SH,-0.28
897,1919-07-01,1919,7,Jul,SH,-0.25
898,1920-07-01,1920,7,Jul,SH,-0.33
899,1921-07-01,1921,7,Jul,SH,-0.25
900,1922-07-01,1922,7,Jul,SH,-0.27
901,1923-07-01,1923,7,Jul,SH,-0.32
902,1924-07-01,1924,7,Jul,SH,-0.34
903,1925-07-01,1925,7,Jul,SH,-0.26
904,1926-07-01,1926,7,Jul,SH,-0.33
905,1927-07-01,1927,7,Jul,SH,-0.29
906,1928-07-01,1928,7,Jul,SH,-0.28
907,1929-07-01,1929,7,Jul,SH,-0.37
908,1930-07-01,1930,7,Jul,SH,-0.36
909,1931-07-01,1931,7,Jul,SH,-0.13
910,1932-07-01,1932,7,Jul,SH,-0.33
911,1933-07-01,1933,7,Jul,SH,-0.29
912,1934-07-01,1934,7,Jul,SH,-0.17
913,1935-07-01,1935,7,Jul,SH,-0.38
914,1936-07-01,1936,7,Jul,SH,-0.28
915,1937-07-01,1937,7,Jul,SH,-0.2
916,1938-07-01,1938,7,Jul,SH,-0.18
917,1939-07-01,1939,7,Jul,SH,-0.15
918,1940-07-01,1940,7,Jul,SH,0.1
919,1941-07-01,1941,7,Jul,SH,0.21
920,1942-07-01,1942,7,Jul,SH,0.01
921,1943-07-01,1943,7,Jul,SH,0.18
922,1944-07-01,1944,7,Jul,SH,0.23
923,1945-07-01,1945,7,Jul,SH,0.02
924,1946-07-01,1946,7,Jul,SH,-0.21
925,1947-07-01,1947,7,Jul,SH,-0.05
926,1948-07-01,1948,7,Jul,SH,-0.23
927,1949-07-01,1949,7,Jul,SH,-0.15
928,1950-07-01,1950,7,Jul,SH,0.0
929,1951-07-01,1951,7,Jul,SH,-0.09
930,1952-07-01,1952,7,Jul,SH,-0.05
931,1953-07-01,1953,7,Jul,SH,-0.19
932,1954-07-01,1954,7,Jul,SH,-0.28
933,1955-07-01,1955,7,Jul,SH,-0.19
934,1956-07-01,1956,7,Jul,SH,0.0
935,1957-07-01,1957,7,Jul,SH,-0.06
936,1958-07-01,1958,7,Jul,SH,0.06
937,1959-07-01,1959,7,Jul,SH,0.02
938,1960-07-01,1960,7,Jul,SH,-0.16
939,1961-07-01,1961,7,Jul,SH,-0.04
940,1962-07-01,1962,7,Jul,SH,-0.06
941,1963-07-01,1963,7,Jul,SH,0.02
942,1964-07-01,1964,7,Jul,SH,0.04
943,1965-07-01,1965,7,Jul,SH,-0.08
944,1966-07-01,1966,7,Jul,SH,0.06
945,1967-07-01,1967,7,Jul,SH,-0.01
946,1968-07-01,1968,7,Jul,SH,-0.17
947,1969-07-01,1969,7,Jul,SH,-0.13
948,1970-07-01,1970,7,Jul,SH,0.07
949,1971-07-01,1971,7,Jul,SH,-0.03
950,1972-07-01,1972,7,Jul,SH,0.08
951,1973-07-01,1973,7,Jul,SH,0.22
952,1974-07-01,1974,7,Jul,SH,0.07
953,1975-07-01,1975,7,Jul,SH,0.05
954,1976-07-01,1976,7,Jul,SH,0.07
955,1977-07-01,1977,7,Jul,SH,0.32
956,1978-07-01,1978,7,Jul,SH,0.16
957,1979-07-01,1979,7,Jul,SH,0.03
958,1980-07-01,1980,7,Jul,SH,0.31
959,1981-07-01,1981,7,Jul,SH,0.54
960,1982-07-01,1982,7,Jul,SH,0.25
961,1983-07-01,1983,7,Jul,SH,0.18
962,1984-07-01,1984,7,Jul,SH,0.29
963,1985-07-01,1985,7,Jul,SH,0.15
964,1986-07-01,1986,7,Jul,SH,0.25
965,1987-07-01,1987,7,Jul,SH,0.56
966,1988-07-01,1988,7,Jul,SH,0.24
967,1989-07-01,1989,7,Jul,SH,0.36
968,1990-07-01,1990,7,Jul,SH,0.58
969,1991-07-01,1991,7,Jul,SH,0.52
970,1992-07-01,1992,7,Jul,SH,0.27
971,1993-07-01,1993,7,Jul,SH,0.38
972,1994-07-01,1994,7,Jul,SH,0.27
973,1995-07-01,1995,7,Jul,SH,0.54
974,1996-07-01,1996,7,Jul,SH,0.44
975,1997-07-01,1997,7,Jul,SH,0.27
976,1998-07-01,1998,7,Jul,SH,0.58
977,1999-07-01,1999,7,Jul,SH,0.41
978,2000-07-01,2000,7,Jul,SH,0.36
979,2001-07-01,2001,7,Jul,SH,0.55
980,2002-07-01,2002,7,Jul,SH,0.56
981,2003-07-01,2003,7,Jul,SH,0.48
982,2004-07-01,2004,7,Jul,SH,0.04
983,2005-07-01,2005,7,Jul,SH,0.48
984,2006-07-01,2006,7,Jul,SH,0.39
985,2007-07-01,2007,7,Jul,SH,0.54
986,2008-07-01,2008,7,Jul,SH,0.59
987,2009-07-01,2009,7,Jul,SH,0.79
988,2010-07-01,2010,7,Jul,SH,0.37
989,2011-07-01,2011,7,Jul,SH,0.68
990,2012-07-01,2012,7,Jul,SH,0.32
991,2013-07-01,2013,7,Jul,SH,0.5
992,2014-07-01,2014,7,Jul,SH,0.4
993,2015-07-01,2015,7,Jul,SH,0.55
994,2016-07-01,2016,7,Jul,SH,0.66
995,2017-07-01,2017,7,Jul,SH,0.67
996,2018-07-01,2018,7,Jul,SH,0.75
997,2019-07-01,2019,7,Jul,SH,0.85
998,2020-07-01,2020,7,Jul,SH,0.7
999,2021-07-01,2021,7,Jul,SH,0.77
1000,2022-07-01,2022,7,Jul,SH,0.81
1001,1880-08-01,1880,8,Aug,SH,0.07
1002,1881-08-01,1881,8,Aug,SH,-0.01
1003,1882-08-01,1882,8,Aug,SH,0.02
1004,1883-08-01,1883,8,Aug,SH,-0.05
1005,1884-08-01,1884,8,Aug,SH,-0.06
1006,1885-08-01,1885,8,Aug,SH,-0.22
1007,1886-08-01,1886,8,Aug,SH,-0.18
1008,1887-08-01,1887,8,Aug,SH,-0.16
1009,1888-08-01,1888,8,Aug,SH,-0.09
1010,1889-08-01,1889,8,Aug,SH,-0.19
1011,1890-08-01,1890,8,Aug,SH,-0.38
1012,1891-08-01,1891,8,Aug,SH,-0.22
1013,1892-08-01,1892,8,Aug,SH,-0.21
1014,1893-08-01,1893,8,Aug,SH,-0.17
1015,1894-08-01,1894,8,Aug,SH,-0.2
1016,1895-08-01,1895,8,Aug,SH,-0.06
1017,1896-08-01,1896,8,Aug,SH,0.01
1018,1897-08-01,1897,8,Aug,SH,-0.11
1019,1898-08-01,1898,8,Aug,SH,-0.36
1020,1899-08-01,1899,8,Aug,SH,-0.1
1021,1900-08-01,1900,8,Aug,SH,-0.07
1022,1901-08-01,1901,8,Aug,SH,-0.24
1023,1902-08-01,1902,8,Aug,SH,-0.3
1024,1903-08-01,1903,8,Aug,SH,-0.35
1025,1904-08-01,1904,8,Aug,SH,-0.42
1026,1905-08-01,1905,8,Aug,SH,-0.16
1027,1906-08-01,1906,8,Aug,SH,-0.22
1028,1907-08-01,1907,8,Aug,SH,-0.28
1029,1908-08-01,1908,8,Aug,SH,-0.34
1030,1909-08-01,1909,8,Aug,SH,-0.31
1031,1910-08-01,1910,8,Aug,SH,-0.32
1032,1911-08-01,1911,8,Aug,SH,-0.44
1033,1912-08-01,1912,8,Aug,SH,-0.29
1034,1913-08-01,1913,8,Aug,SH,-0.2
1035,1914-08-01,1914,8,Aug,SH,-0.04
1036,1915-08-01,1915,8,Aug,SH,-0.27
1037,1916-08-01,1916,8,Aug,SH,-0.2
1038,1917-08-01,1917,8,Aug,SH,-0.06
1039,1918-08-01,1918,8,Aug,SH,-0.26
1040,1919-08-01,1919,8,Aug,SH,-0.37
1041,1920-08-01,1920,8,Aug,SH,-0.2
1042,1921-08-01,1921,8,Aug,SH,-0.21
1043,1922-08-01,1922,8,Aug,SH,-0.29
1044,1923-08-01,1923,8,Aug,SH,-0.38
1045,1924-08-01,1924,8,Aug,SH,-0.45
1046,1925-08-01,1925,8,Aug,SH,-0.2
1047,1926-08-01,1926,8,Aug,SH,-0.19
1048,1927-08-01,1927,8,Aug,SH,-0.31
1049,1928-08-01,1928,8,Aug,SH,-0.26
1050,1929-08-01,1929,8,Aug,SH,-0.44
1051,1930-08-01,1930,8,Aug,SH,-0.29
1052,1931-08-01,1931,8,Aug,SH,-0.16
1053,1932-08-01,1932,8,Aug,SH,-0.34
1054,1933-08-01,1933,8,Aug,SH,-0.33
1055,1934-08-01,1934,8,Aug,SH,-0.15
1056,1935-08-01,1935,8,Aug,SH,-0.36
1057,1936-08-01,1936,8,Aug,SH,-0.28
1058,1937-08-01,1937,8,Aug,SH,-0.11
1059,1938-08-01,1938,8,Aug,SH,-0.2
1060,1939-08-01,1939,8,Aug,SH,-0.18
1061,1940-08-01,1940,8,Aug,SH,0.09
1062,1941-08-01,1941,8,Aug,SH,0.13
1063,1942-08-01,1942,8,Aug,SH,0.0
1064,1943-08-01,1943,8,Aug,SH,-0.08
1065,1944-08-01,1944,8,Aug,SH,0.22
1066,1945-08-01,1945,8,Aug,SH,0.24
1067,1946-08-01,1946,8,Aug,SH,-0.31
1068,1947-08-01,1947,8,Aug,SH,-0.1
1069,1948-08-01,1948,8,Aug,SH,-0.26
1070,1949-08-01,1949,8,Aug,SH,-0.21
1071,1950-08-01,1950,8,Aug,SH,-0.12
1072,1951-08-01,1951,8,Aug,SH,-0.1
1073,1952-08-01,1952,8,Aug,SH,0.02
1074,1953-08-01,1953,8,Aug,SH,-0.07
1075,1954-08-01,1954,8,Aug,SH,-0.34
1076,1955-08-01,1955,8,Aug,SH,-0.06
1077,1956-08-01,1956,8,Aug,SH,-0.24
1078,1957-08-01,1957,8,Aug,SH,0.14
1079,1958-08-01,1958,8,Aug,SH,-0.22
1080,1959-08-01,1959,8,Aug,SH,-0.11
1081,1960-08-01,1960,8,Aug,SH,-0.07
1082,1961-08-01,1961,8,Aug,SH,-0.04
1083,1962-08-01,1962,8,Aug,SH,-0.06
1084,1963-08-01,1963,8,Aug,SH,0.3
1085,1964-08-01,1964,8,Aug,SH,-0.21
1086,1965-08-01,1965,8,Aug,SH,0.12
1087,1966-08-01,1966,8,Aug,SH,-0.3
1088,1967-08-01,1967,8,Aug,SH,-0.05
1089,1968-08-01,1968,8,Aug,SH,-0.09
1090,1969-08-01,1969,8,Aug,SH,0.03
1091,1970-08-01,1970,8,Aug,SH,-0.15
1092,1971-08-01,1971,8,Aug,SH,0.13
1093,1972-08-01,1972,8,Aug,SH,0.4
1094,1973-08-01,1973,8,Aug,SH,0.08
1095,1974-08-01,1974,8,Aug,SH,0.31
1096,1975-08-01,1975,8,Aug,SH,-0.2
1097,1976-08-01,1976,8,Aug,SH,-0.03
1098,1977-08-01,1977,8,Aug,SH,0.33
1099,1978-08-01,1978,8,Aug,SH,-0.12
1100,1979-08-01,1979,8,Aug,SH,0.3
1101,1980-08-01,1980,8,Aug,SH,0.28
1102,1981-08-01,1981,8,Aug,SH,0.53
1103,1982-08-01,1982,8,Aug,SH,0.15
1104,1983-08-01,1983,8,Aug,SH,0.46
1105,1984-08-01,1984,8,Aug,SH,0.33
1106,1985-08-01,1985,8,Aug,SH,0.34
1107,1986-08-01,1986,8,Aug,SH,0.28
1108,1987-08-01,1987,8,Aug,SH,0.25
1109,1988-08-01,1988,8,Aug,SH,0.52
1110,1989-08-01,1989,8,Aug,SH,0.4
1111,1990-08-01,1990,8,Aug,SH,0.28
1112,1991-08-01,1991,8,Aug,SH,0.43
1113,1992-08-01,1992,8,Aug,SH,0.23
1114,1993-08-01,1993,8,Aug,SH,0.2
1115,1994-08-01,1994,8,Aug,SH,0.11
1116,1995-08-01,1995,8,Aug,SH,0.37
1117,1996-08-01,1996,8,Aug,SH,0.77
1118,1997-08-01,1997,8,Aug,SH,0.35
1119,1998-08-01,1998,8,Aug,SH,0.59
1120,1999-08-01,1999,8,Aug,SH,0.32
1121,2000-08-01,2000,8,Aug,SH,0.38
1122,2001-08-01,2001,8,Aug,SH,0.31
1123,2002-08-01,2002,8,Aug,SH,0.51
1124,2003-08-01,2003,8,Aug,SH,0.43
1125,2004-08-01,2004,8,Aug,SH,0.37
1126,2005-08-01,2005,8,Aug,SH,0.52
1127,2006-08-01,2006,8,Aug,SH,0.73
1128,2007-08-01,2007,8,Aug,SH,0.47
1129,2008-08-01,2008,8,Aug,SH,0.34
1130,2009-08-01,2009,8,Aug,SH,0.65
1131,2010-08-01,2010,8,Aug,SH,0.47
1132,2011-08-01,2011,8,Aug,SH,0.77
1133,2012-08-01,2012,8,Aug,SH,0.55
1134,2013-08-01,2013,8,Aug,SH,0.64
1135,2014-08-01,2014,8,Aug,SH,0.74
1136,2015-08-01,2015,8,Aug,SH,0.6
1137,2016-08-01,2016,8,Aug,SH,0.92
1138,2017-08-01,2017,8,Aug,SH,0.73
1139,2018-08-01,2018,8,Aug,SH,0.66
1140,2019-08-01,2019,8,Aug,SH,0.81
1141,2020-08-01,2020,8,Aug,SH,0.64
1142,2021-08-01,2021,8,Aug,SH,0.62
1143,2022-08-01,2022,8,Aug,SH,0.73
1144,1880-09-01,1880,9,Sep,SH,-0.04
1145,1881-09-01,1881,9,Sep,SH,-0.03
1146,1882-09-01,1882,9,Sep,SH,-0.04
1147,1883-09-01,1883,9,Sep,SH,-0.1
1148,1884-09-01,1884,9,Sep,SH,-0.11
1149,1885-09-01,1885,9,Sep,SH,-0.19
1150,1886-09-01,1886,9,Sep,SH,-0.14
1151,1887-09-01,1887,9,Sep,SH,-0.29
1152,1888-09-01,1888,9,Sep,SH,-0.04
1153,1889-09-01,1889,9,Sep,SH,-0.17
1154,1890-09-01,1890,9,Sep,SH,-0.38
1155,1891-09-01,1891,9,Sep,SH,-0.23
1156,1892-09-01,1892,9,Sep,SH,-0.13
1157,1893-09-01,1893,9,Sep,SH,-0.16
1158,1894-09-01,1894,9,Sep,SH,-0.22
1159,1895-09-01,1895,9,Sep,SH,-0.18
1160,1896-09-01,1896,9,Sep,SH,-0.01
1161,1897-09-01,1897,9,Sep,SH,-0.1
1162,1898-09-01,1898,9,Sep,SH,-0.25
1163,1899-09-01,1899,9,Sep,SH,-0.04
1164,1900-09-01,1900,9,Sep,SH,-0.06
1165,1901-09-01,1901,9,Sep,SH,-0.17
1166,1902-09-01,1902,9,Sep,SH,-0.23
1167,1903-09-01,1903,9,Sep,SH,-0.5
1168,1904-09-01,1904,9,Sep,SH,-0.47
1169,1905-09-01,1905,9,Sep,SH,-0.16
1170,1906-09-01,1906,9,Sep,SH,-0.31
1171,1907-09-01,1907,9,Sep,SH,-0.27
1172,1908-09-01,1908,9,Sep,SH,-0.4
1173,1909-09-01,1909,9,Sep,SH,-0.4
1174,1910-09-01,1910,9,Sep,SH,-0.34
1175,1911-09-01,1911,9,Sep,SH,-0.42
1176,1912-09-01,1912,9,Sep,SH,-0.34
1177,1913-09-01,1913,9,Sep,SH,-0.26
1178,1914-09-01,1914,9,Sep,SH,-0.02
1179,1915-09-01,1915,9,Sep,SH,-0.18
1180,1916-09-01,1916,9,Sep,SH,-0.24
1181,1917-09-01,1917,9,Sep,SH,-0.15
1182,1918-09-01,1918,9,Sep,SH,-0.08
1183,1919-09-01,1919,9,Sep,SH,-0.31
1184,1920-09-01,1920,9,Sep,SH,-0.08
1185,1921-09-01,1921,9,Sep,SH,-0.19
1186,1922-09-01,1922,9,Sep,SH,-0.29
1187,1923-09-01,1923,9,Sep,SH,-0.43
1188,1924-09-01,1924,9,Sep,SH,-0.41
1189,1925-09-01,1925,9,Sep,SH,-0.33
1190,1926-09-01,1926,9,Sep,SH,-0.24
1191,1927-09-01,1927,9,Sep,SH,-0.27
1192,1928-09-01,1928,9,Sep,SH,-0.26
1193,1929-09-01,1929,9,Sep,SH,-0.31
1194,1930-09-01,1930,9,Sep,SH,-0.27
1195,1931-09-01,1931,9,Sep,SH,-0.29
1196,1932-09-01,1932,9,Sep,SH,-0.3
1197,1933-09-01,1933,9,Sep,SH,-0.31
1198,1934-09-01,1934,9,Sep,SH,-0.16
1199,1935-09-01,1935,9,Sep,SH,-0.34
1200,1936-09-01,1936,9,Sep,SH,-0.24
1201,1937-09-01,1937,9,Sep,SH,-0.1
1202,1938-09-01,1938,9,Sep,SH,-0.15
1203,1939-09-01,1939,9,Sep,SH,-0.26
1204,1940-09-01,1940,9,Sep,SH,0.07
1205,1941-09-01,1941,9,Sep,SH,-0.03
1206,1942-09-01,1942,9,Sep,SH,-0.16
1207,1943-09-01,1943,9,Sep,SH,-0.03
1208,1944-09-01,1944,9,Sep,SH,0.21
1209,1945-09-01,1945,9,Sep,SH,0.21
1210,1946-09-01,1946,9,Sep,SH,-0.12
1211,1947-09-01,1947,9,Sep,SH,-0.23
1212,1948-09-01,1948,9,Sep,SH,-0.27
1213,1949-09-01,1949,9,Sep,SH,-0.19
1214,1950-09-01,1950,9,Sep,SH,-0.15
1215,1951-09-01,1951,9,Sep,SH,-0.22
1216,1952-09-01,1952,9,Sep,SH,-0.01
1217,1953-09-01,1953,9,Sep,SH,-0.09
1218,1954-09-01,1954,9,Sep,SH,-0.29
1219,1955-09-01,1955,9,Sep,SH,-0.22
1220,1956-09-01,1956,9,Sep,SH,-0.08
1221,1957-09-01,1957,9,Sep,SH,0.05
1222,1958-09-01,1958,9,Sep,SH,-0.11
1223,1959-09-01,1959,9,Sep,SH,-0.25
1224,1960-09-01,1960,9,Sep,SH,0.02
1225,1961-09-01,1961,9,Sep,SH,0.19
1226,1962-09-01,1962,9,Sep,SH,0.03
1227,1963-09-01,1963,9,Sep,SH,0.22
1228,1964-09-01,1964,9,Sep,SH,-0.31
1229,1965-09-01,1965,9,Sep,SH,-0.1
1230,1966-09-01,1966,9,Sep,SH,-0.12
1231,1967-09-01,1967,9,Sep,SH,-0.09
1232,1968-09-01,1968,9,Sep,SH,-0.32
1233,1969-09-01,1969,9,Sep,SH,0.13
1234,1970-09-01,1970,9,Sep,SH,0.27
1235,1971-09-01,1971,9,Sep,SH,0.02
1236,1972-09-01,1972,9,Sep,SH,0.3
1237,1973-09-01,1973,9,Sep,SH,0.26
1238,1974-09-01,1974,9,Sep,SH,0.01
1239,1975-09-01,1975,9,Sep,SH,0.02
1240,1976-09-01,1976,9,Sep,SH,0.0
1241,1977-09-01,1977,9,Sep,SH,-0.07
1242,1978-09-01,1978,9,Sep,SH,0.12
1243,1979-09-01,1979,9,Sep,SH,0.31
1244,1980-09-01,1980,9,Sep,SH,0.31
1245,1981-09-01,1981,9,Sep,SH,0.16
1246,1982-09-01,1982,9,Sep,SH,0.23
1247,1983-09-01,1983,9,Sep,SH,0.49
1248,1984-09-01,1984,9,Sep,SH,0.46
1249,1985-09-01,1985,9,Sep,SH,0.23
1250,1986-09-01,1986,9,Sep,SH,0.1
1251,1987-09-01,1987,9,Sep,SH,0.33
1252,1988-09-01,1988,9,Sep,SH,0.47
1253,1989-09-01,1989,9,Sep,SH,0.45
1254,1990-09-01,1990,9,Sep,SH,0.05
1255,1991-09-01,1991,9,Sep,SH,0.52
1256,1992-09-01,1992,9,Sep,SH,0.17
1257,1993-09-01,1993,9,Sep,SH,0.3
1258,1994-09-01,1994,9,Sep,SH,0.31
1259,1995-09-01,1995,9,Sep,SH,0.25
1260,1996-09-01,1996,9,Sep,SH,0.45
1261,1997-09-01,1997,9,Sep,SH,0.53
1262,1998-09-01,1998,9,Sep,SH,0.24
1263,1999-09-01,1999,9,Sep,SH,0.36
1264,2000-09-01,2000,9,Sep,SH,0.41
1265,2001-09-01,2001,9,Sep,SH,0.47
1266,2002-09-01,2002,9,Sep,SH,0.63
1267,2003-09-01,2003,9,Sep,SH,0.47
1268,2004-09-01,2004,9,Sep,SH,0.4
1269,2005-09-01,2005,9,Sep,SH,0.52
1270,2006-09-01,2006,9,Sep,SH,0.48
1271,2007-09-01,2007,9,Sep,SH,0.52
1272,2008-09-01,2008,9,Sep,SH,0.64
1273,2009-09-01,2009,9,Sep,SH,0.59
1274,2010-09-01,2010,9,Sep,SH,0.56
1275,2011-09-01,2011,9,Sep,SH,0.4
1276,2012-09-01,2012,9,Sep,SH,0.59
1277,2013-09-01,2013,9,Sep,SH,0.82
1278,2014-09-01,2014,9,Sep,SH,0.9
1279,2015-09-01,2015,9,Sep,SH,0.55
1280,2016-09-01,2016,9,Sep,SH,0.6
1281,2017-09-01,2017,9,Sep,SH,0.54
1282,2018-09-01,2018,9,Sep,SH,0.64
1283,2019-09-01,2019,9,Sep,SH,0.65
1284,2020-09-01,2020,9,Sep,SH,0.78
1285,2021-09-01,2021,9,Sep,SH,0.8
1286,2022-09-01,2022,9,Sep,SH,0.63
1287,1880-10-01,1880,10,Oct,SH,-0.14
1288,1881-10-01,1881,10,Oct,SH,0.01
1289,1882-10-01,1882,10,Oct,SH,0.04
1290,1883-10-01,1883,10,Oct,SH,-0.05
1291,1884-10-01,1884,10,Oct,SH,-0.06
1292,1885-10-01,1885,10,Oct,SH,-0.12
1293,1886-10-01,1886,10,Oct,SH,-0.23
1294,1887-10-01,1887,10,Oct,SH,-0.21
1295,1888-10-01,1888,10,Oct,SH,0.07
1296,1889-10-01,1889,10,Oct,SH,-0.09
1297,1890-10-01,1890,10,Oct,SH,-0.39
1298,1891-10-01,1891,10,Oct,SH,-0.15
1299,1892-10-01,1892,10,Oct,SH,0.0
1300,1893-10-01,1893,10,Oct,SH,-0.08
1301,1894-10-01,1894,10,Oct,SH,-0.17
1302,1895-10-01,1895,10,Oct,SH,-0.11
1303,1896-10-01,1896,10,Oct,SH,0.1
1304,1897-10-01,1897,10,Oct,SH,-0.09
1305,1898-10-01,1898,10,Oct,SH,-0.31
1306,1899-10-01,1899,10,Oct,SH,-0.11
1307,1900-10-01,1900,10,Oct,SH,-0.01
1308,1901-10-01,1901,10,Oct,SH,-0.26
1309,1902-10-01,1902,10,Oct,SH,-0.26
1310,1903-10-01,1903,10,Oct,SH,-0.47
1311,1904-10-01,1904,10,Oct,SH,-0.37
1312,1905-10-01,1905,10,Oct,SH,-0.2
1313,1906-10-01,1906,10,Oct,SH,-0.22
1314,1907-10-01,1907,10,Oct,SH,-0.24
1315,1908-10-01,1908,10,Oct,SH,-0.42
1316,1909-10-01,1909,10,Oct,SH,-0.45
1317,1910-10-01,1910,10,Oct,SH,-0.5
1318,1911-10-01,1911,10,Oct,SH,-0.32
1319,1912-10-01,1912,10,Oct,SH,-0.29
1320,1913-10-01,1913,10,Oct,SH,-0.23
1321,1914-10-01,1914,10,Oct,SH,-0.04
1322,1915-10-01,1915,10,Oct,SH,-0.2
1323,1916-10-01,1916,10,Oct,SH,-0.32
1324,1917-10-01,1917,10,Oct,SH,-0.26
1325,1918-10-01,1918,10,Oct,SH,-0.05
1326,1919-10-01,1919,10,Oct,SH,-0.3
1327,1920-10-01,1920,10,Oct,SH,-0.12
1328,1921-10-01,1921,10,Oct,SH,-0.05
1329,1922-10-01,1922,10,Oct,SH,-0.33
1330,1923-10-01,1923,10,Oct,SH,-0.31
1331,1924-10-01,1924,10,Oct,SH,-0.46
1332,1925-10-01,1925,10,Oct,SH,-0.24
1333,1926-10-01,1926,10,Oct,SH,-0.27
1334,1927-10-01,1927,10,Oct,SH,-0.24
1335,1928-10-01,1928,10,Oct,SH,-0.29
1336,1929-10-01,1929,10,Oct,SH,-0.26
1337,1930-10-01,1930,10,Oct,SH,-0.23
1338,1931-10-01,1931,10,Oct,SH,-0.24
1339,1932-10-01,1932,10,Oct,SH,-0.3
1340,1933-10-01,1933,10,Oct,SH,-0.33
1341,1934-10-01,1934,10,Oct,SH,-0.25
1342,1935-10-01,1935,10,Oct,SH,-0.21
1343,1936-10-01,1936,10,Oct,SH,-0.12
1344,1937-10-01,1937,10,Oct,SH,-0.15
1345,1938-10-01,1938,10,Oct,SH,-0.04
1346,1939-10-01,1939,10,Oct,SH,-0.14
1347,1940-10-01,1940,10,Oct,SH,-0.03
1348,1941-10-01,1941,10,Oct,SH,0.23
1349,1942-10-01,1942,10,Oct,SH,-0.25
1350,1943-10-01,1943,10,Oct,SH,0.0
1351,1944-10-01,1944,10,Oct,SH,0.09
1352,1945-10-01,1945,10,Oct,SH,0.14
1353,1946-10-01,1946,10,Oct,SH,-0.17
1354,1947-10-01,1947,10,Oct,SH,-0.26
1355,1948-10-01,1948,10,Oct,SH,-0.18
1356,1949-10-01,1949,10,Oct,SH,-0.2
1357,1950-10-01,1950,10,Oct,SH,-0.35
1358,1951-10-01,1951,10,Oct,SH,-0.11
1359,1952-10-01,1952,10,Oct,SH,0.01
1360,1953-10-01,1953,10,Oct,SH,-0.1
1361,1954-10-01,1954,10,Oct,SH,-0.18
1362,1955-10-01,1955,10,Oct,SH,-0.24
1363,1956-10-01,1956,10,Oct,SH,-0.19
1364,1957-10-01,1957,10,Oct,SH,-0.03
1365,1958-10-01,1958,10,Oct,SH,0.0
1366,1959-10-01,1959,10,Oct,SH,-0.1
1367,1960-10-01,1960,10,Oct,SH,0.06
1368,1961-10-01,1961,10,Oct,SH,0.04
1369,1962-10-01,1962,10,Oct,SH,-0.1
1370,1963-10-01,1963,10,Oct,SH,-0.12
1371,1964-10-01,1964,10,Oct,SH,-0.32
1372,1965-10-01,1965,10,Oct,SH,-0.08
1373,1966-10-01,1966,10,Oct,SH,-0.23
1374,1967-10-01,1967,10,Oct,SH,-0.13
1375,1968-10-01,1968,10,Oct,SH,0.18
1376,1969-10-01,1969,10,Oct,SH,0.17
1377,1970-10-01,1970,10,Oct,SH,0.25
1378,1971-10-01,1971,10,Oct,SH,0.06
1379,1972-10-01,1972,10,Oct,SH,0.21
1380,1973-10-01,1973,10,Oct,SH,0.27
1381,1974-10-01,1974,10,Oct,SH,0.11
1382,1975-10-01,1975,10,Oct,SH,-0.06
1383,1976-10-01,1976,10,Oct,SH,0.04
1384,1977-10-01,1977,10,Oct,SH,0.09
1385,1978-10-01,1978,10,Oct,SH,0.06
1386,1979-10-01,1979,10,Oct,SH,0.29
1387,1980-10-01,1980,10,Oct,SH,0.15
1388,1981-10-01,1981,10,Oct,SH,0.02
1389,1982-10-01,1982,10,Oct,SH,0.27
1390,1983-10-01,1983,10,Oct,SH,0.22
1391,1984-10-01,1984,10,Oct,SH,0.19
1392,1985-10-01,1985,10,Oct,SH,0.21
1393,1986-10-01,1986,10,Oct,SH,0.23
1394,1987-10-01,1987,10,Oct,SH,0.44
1395,1988-10-01,1988,10,Oct,SH,0.52
1396,1989-10-01,1989,10,Oct,SH,0.33
1397,1990-10-01,1990,10,Oct,SH,0.42
1398,1991-10-01,1991,10,Oct,SH,0.29
1399,1992-10-01,1992,10,Oct,SH,0.3
1400,1993-10-01,1993,10,Oct,SH,0.34
1401,1994-10-01,1994,10,Oct,SH,0.3
1402,1995-10-01,1995,10,Oct,SH,0.35
1403,1996-10-01,1996,10,Oct,SH,0.34
1404,1997-10-01,1997,10,Oct,SH,0.6
1405,1998-10-01,1998,10,Oct,SH,0.3
1406,1999-10-01,1999,10,Oct,SH,0.28
1407,2000-10-01,2000,10,Oct,SH,0.25
1408,2001-10-01,2001,10,Oct,SH,0.41
1409,2002-10-01,2002,10,Oct,SH,0.54
1410,2003-10-01,2003,10,Oct,SH,0.47
1411,2004-10-01,2004,10,Oct,SH,0.52
1412,2005-10-01,2005,10,Oct,SH,0.55
1413,2006-10-01,2006,10,Oct,SH,0.44
1414,2007-10-01,2007,10,Oct,SH,0.34
1415,2008-10-01,2008,10,Oct,SH,0.49
1416,2009-10-01,2009,10,Oct,SH,0.52
1417,2010-10-01,2010,10,Oct,SH,0.51
1418,2011-10-01,2011,10,Oct,SH,0.4
1419,2012-10-01,2012,10,Oct,SH,0.68
1420,2013-10-01,2013,10,Oct,SH,0.55
1421,2014-10-01,2014,10,Oct,SH,0.68
1422,2015-10-01,2015,10,Oct,SH,0.91
1423,2016-10-01,2016,10,Oct,SH,0.74
1424,2017-10-01,2017,10,Oct,SH,0.75
1425,2018-10-01,2018,10,Oct,SH,0.8
1426,2019-10-01,2019,10,Oct,SH,0.72
1427,2020-10-01,2020,10,Oct,SH,0.57
1428,2021-10-01,2021,10,Oct,SH,0.69
1429,2022-10-01,2022,10,Oct,SH,0.62
1430,1880-11-01,1880,11,Nov,SH,0.01
1431,1881-11-01,1881,11,Nov,SH,0.01
1432,1882-11-01,1882,11,Nov,SH,0.0
1433,1883-11-01,1883,11,Nov,SH,-0.04
1434,1884-11-01,1884,11,Nov,SH,-0.1
1435,1885-11-01,1885,11,Nov,SH,-0.1
1436,1886-11-01,1886,11,Nov,SH,-0.14
1437,1887-11-01,1887,11,Nov,SH,-0.24
1438,1888-11-01,1888,11,Nov,SH,0.07
1439,1889-11-01,1889,11,Nov,SH,-0.05
1440,1890-11-01,1890,11,Nov,SH,-0.24
1441,1891-11-01,1891,11,Nov,SH,-0.1
1442,1892-11-01,1892,11,Nov,SH,-0.03
1443,1893-11-01,1893,11,Nov,SH,-0.03
1444,1894-11-01,1894,11,Nov,SH,-0.03
1445,1895-11-01,1895,11,Nov,SH,-0.2
1446,1896-11-01,1896,11,Nov,SH,0.13
1447,1897-11-01,1897,11,Nov,SH,-0.09
1448,1898-11-01,1898,11,Nov,SH,-0.25
1449,1899-11-01,1899,11,Nov,SH,-0.09
1450,1900-11-01,1900,11,Nov,SH,0.01
1451,1901-11-01,1901,11,Nov,SH,-0.12
1452,1902-11-01,1902,11,Nov,SH,-0.25
1453,1903-11-01,1903,11,Nov,SH,-0.43
1454,1904-11-01,1904,11,Nov,SH,-0.25
1455,1905-11-01,1905,11,Nov,SH,-0.2
1456,1906-11-01,1906,11,Nov,SH,-0.34
1457,1907-11-01,1907,11,Nov,SH,-0.35
1458,1908-11-01,1908,11,Nov,SH,-0.4
1459,1909-11-01,1909,11,Nov,SH,-0.52
1460,1910-11-01,1910,11,Nov,SH,-0.52
1461,1911-11-01,1911,11,Nov,SH,-0.2
1462,1912-11-01,1912,11,Nov,SH,-0.24
1463,1913-11-01,1913,11,Nov,SH,-0.23
1464,1914-11-01,1914,11,Nov,SH,-0.06
1465,1915-11-01,1915,11,Nov,SH,-0.22
1466,1916-11-01,1916,11,Nov,SH,-0.47
1467,1917-11-01,1917,11,Nov,SH,-0.35
1468,1918-11-01,1918,11,Nov,SH,0.02
1469,1919-11-01,1919,11,Nov,SH,-0.34
1470,1920-11-01,1920,11,Nov,SH,-0.08
1471,1921-11-01,1921,11,Nov,SH,-0.16
1472,1922-11-01,1922,11,Nov,SH,-0.17
1473,1923-11-01,1923,11,Nov,SH,-0.19
1474,1924-11-01,1924,11,Nov,SH,-0.52
1475,1925-11-01,1925,11,Nov,SH,-0.11
1476,1926-11-01,1926,11,Nov,SH,-0.28
1477,1927-11-01,1927,11,Nov,SH,-0.19
1478,1928-11-01,1928,11,Nov,SH,-0.23
1479,1929-11-01,1929,11,Nov,SH,-0.19
1480,1930-11-01,1930,11,Nov,SH,-0.06
1481,1931-11-01,1931,11,Nov,SH,-0.36
1482,1932-11-01,1932,11,Nov,SH,-0.21
1483,1933-11-01,1933,11,Nov,SH,-0.38
1484,1934-11-01,1934,11,Nov,SH,-0.2
1485,1935-11-01,1935,11,Nov,SH,-0.18
1486,1936-11-01,1936,11,Nov,SH,-0.11
1487,1937-11-01,1937,11,Nov,SH,-0.06
1488,1938-11-01,1938,11,Nov,SH,-0.17
1489,1939-11-01,1939,11,Nov,SH,-0.1
1490,1940-11-01,1940,11,Nov,SH,0.06
1491,1941-11-01,1941,11,Nov,SH,0.29
1492,1942-11-01,1942,11,Nov,SH,-0.08
1493,1943-11-01,1943,11,Nov,SH,0.04
1494,1944-11-01,1944,11,Nov,SH,0.03
1495,1945-11-01,1945,11,Nov,SH,0.07
1496,1946-11-01,1946,11,Nov,SH,-0.17
1497,1947-11-01,1947,11,Nov,SH,-0.15
1498,1948-11-01,1948,11,Nov,SH,-0.28
1499,1949-11-01,1949,11,Nov,SH,-0.25
1500,1950-11-01,1950,11,Nov,SH,-0.35
1501,1951-11-01,1951,11,Nov,SH,-0.09
1502,1952-11-01,1952,11,Nov,SH,-0.05
1503,1953-11-01,1953,11,Nov,SH,-0.13
1504,1954-11-01,1954,11,Nov,SH,-0.2
1505,1955-11-01,1955,11,Nov,SH,-0.19
1506,1956-11-01,1956,11,Nov,SH,-0.05
1507,1957-11-01,1957,11,Nov,SH,0.04
1508,1958-11-01,1958,11,Nov,SH,0.02
1509,1959-11-01,1959,11,Nov,SH,-0.18
1510,1960-11-01,1960,11,Nov,SH,-0.14
1511,1961-11-01,1961,11,Nov,SH,-0.01
1512,1962-11-01,1962,11,Nov,SH,0.0
1513,1963-11-01,1963,11,Nov,SH,-0.12
1514,1964-11-01,1964,11,Nov,SH,-0.21
1515,1965-11-01,1965,11,Nov,SH,-0.15
1516,1966-11-01,1966,11,Nov,SH,-0.03
1517,1967-11-01,1967,11,Nov,SH,-0.14
1518,1968-11-01,1968,11,Nov,SH,0.12
1519,1969-11-01,1969,11,Nov,SH,0.1
1520,1970-11-01,1970,11,Nov,SH,0.02
1521,1971-11-01,1971,11,Nov,SH,-0.13
1522,1972-11-01,1972,11,Nov,SH,0.25
1523,1973-11-01,1973,11,Nov,SH,0.18
1524,1974-11-01,1974,11,Nov,SH,0.05
1525,1975-11-01,1975,11,Nov,SH,-0.05
1526,1976-11-01,1976,11,Nov,SH,0.21
1527,1977-11-01,1977,11,Nov,SH,0.06
1528,1978-11-01,1978,11,Nov,SH,0.11
1529,1979-11-01,1979,11,Nov,SH,0.33
1530,1980-11-01,1980,11,Nov,SH,0.38
1531,1981-11-01,1981,11,Nov,SH,0.11
1532,1982-11-01,1982,11,Nov,SH,0.47
1533,1983-11-01,1983,11,Nov,SH,0.12
1534,1984-11-01,1984,11,Nov,SH,0.24
1535,1985-11-01,1985,11,Nov,SH,0.08
1536,1986-11-01,1986,11,Nov,SH,0.17
1537,1987-11-01,1987,11,Nov,SH,0.49
1538,1988-11-01,1988,11,Nov,SH,0.19
1539,1989-11-01,1989,11,Nov,SH,0.28
1540,1990-11-01,1990,11,Nov,SH,0.47
1541,1991-11-01,1991,11,Nov,SH,0.27
1542,1992-11-01,1992,11,Nov,SH,0.14
1543,1993-11-01,1993,11,Nov,SH,0.29
1544,1994-11-01,1994,11,Nov,SH,0.39
1545,1995-11-01,1995,11,Nov,SH,0.32
1546,1996-11-01,1996,11,Nov,SH,0.41
1547,1997-11-01,1997,11,Nov,SH,0.71
1548,1998-11-01,1998,11,Nov,SH,0.37
1549,1999-11-01,1999,11,Nov,SH,0.21
1550,2000-11-01,2000,11,Nov,SH,0.41
1551,2001-11-01,2001,11,Nov,SH,0.47
1552,2002-11-01,2002,11,Nov,SH,0.4
1553,2003-11-01,2003,11,Nov,SH,0.41
1554,2004-11-01,2004,11,Nov,SH,0.48
1555,2005-11-01,2005,11,Nov,SH,0.41
1556,2006-11-01,2006,11,Nov,SH,0.53
1557,2007-11-01,2007,11,Nov,SH,0.35
1558,2008-11-01,2008,11,Nov,SH,0.41
1559,2009-11-01,2009,11,Nov,SH,0.75
1560,2010-11-01,2010,11,Nov,SH,0.42
1561,2011-11-01,2011,11,Nov,SH,0.5
1562,2012-11-01,2012,11,Nov,SH,0.59
1563,2013-11-01,2013,11,Nov,SH,0.54
1564,2014-11-01,2014,11,Nov,SH,0.53
1565,2015-11-01,2015,11,Nov,SH,0.75
1566,2016-11-01,2016,11,Nov,SH,0.72
1567,2017-11-01,2017,11,Nov,SH,0.53
1568,2018-11-01,2018,11,Nov,SH,0.68
1569,2019-11-01,2019,11,Nov,SH,0.79
1570,2020-11-01,2020,11,Nov,SH,0.6
1571,2021-11-01,2021,11,Nov,SH,0.56
1572,2022-11-01,2022,11,Nov,SH,0.35
1573,1880-12-01,1880,12,Dec,SH,0.06
1574,1881-12-01,1881,12,Dec,SH,0.1
1575,1882-12-01,1882,12,Dec,SH,-0.06
1576,1883-12-01,1883,12,Dec,SH,-0.05
1577,1884-12-01,1884,12,Dec,SH,-0.14
1578,1885-12-01,1885,12,Dec,SH,-0.09
1579,1886-12-01,1886,12,Dec,SH,-0.28
1580,1887-12-01,1887,12,Dec,SH,-0.22
1581,1888-12-01,1888,12,Dec,SH,0.15
1582,1889-12-01,1889,12,Dec,SH,-0.03
1583,1890-12-01,1890,12,Dec,SH,-0.16
1584,1891-12-01,1891,12,Dec,SH,-0.05
1585,1892-12-01,1892,12,Dec,SH,-0.11
1586,1893-12-01,1893,12,Dec,SH,-0.02
1587,1894-12-01,1894,12,Dec,SH,-0.06
1588,1895-12-01,1895,12,Dec,SH,-0.05
1589,1896-12-01,1896,12,Dec,SH,0.13
1590,1897-12-01,1897,12,Dec,SH,-0.12
1591,1898-12-01,1898,12,Dec,SH,-0.2
1592,1899-12-01,1899,12,Dec,SH,-0.06
1593,1900-12-01,1900,12,Dec,SH,-0.09
1594,1901-12-01,1901,12,Dec,SH,-0.14
1595,1902-12-01,1902,12,Dec,SH,-0.22
1596,1903-12-01,1903,12,Dec,SH,-0.46
1597,1904-12-01,1904,12,Dec,SH,-0.3
1598,1905-12-01,1905,12,Dec,SH,-0.07
1599,1906-12-01,1906,12,Dec,SH,-0.32
1600,1907-12-01,1907,12,Dec,SH,-0.34
1601,1908-12-01,1908,12,Dec,SH,-0.42
1602,1909-12-01,1909,12,Dec,SH,-0.54
1603,1910-12-01,1910,12,Dec,SH,-0.52
1604,1911-12-01,1911,12,Dec,SH,-0.1
1605,1912-12-01,1912,12,Dec,SH,-0.28
1606,1913-12-01,1913,12,Dec,SH,-0.14
1607,1914-12-01,1914,12,Dec,SH,-0.01
1608,1915-12-01,1915,12,Dec,SH,-0.17
1609,1916-12-01,1916,12,Dec,SH,-0.51
1610,1917-12-01,1917,12,Dec,SH,-0.29
1611,1918-12-01,1918,12,Dec,SH,0.0
1612,1919-12-01,1919,12,Dec,SH,-0.27
1613,1920-12-01,1920,12,Dec,SH,-0.2
1614,1921-12-01,1921,12,Dec,SH,-0.21
1615,1922-12-01,1922,12,Dec,SH,-0.23
1616,1923-12-01,1923,12,Dec,SH,-0.16
1617,1924-12-01,1924,12,Dec,SH,-0.5
1618,1925-12-01,1925,12,Dec,SH,-0.08
1619,1926-12-01,1926,12,Dec,SH,-0.28
1620,1927-12-01,1927,12,Dec,SH,-0.26
1621,1928-12-01,1928,12,Dec,SH,-0.29
1622,1929-12-01,1929,12,Dec,SH,-0.41
1623,1930-12-01,1930,12,Dec,SH,-0.16
1624,1931-12-01,1931,12,Dec,SH,-0.19
1625,1932-12-01,1932,12,Dec,SH,-0.3
1626,1933-12-01,1933,12,Dec,SH,-0.36
1627,1934-12-01,1934,12,Dec,SH,-0.22
1628,1935-12-01,1935,12,Dec,SH,-0.16
1629,1936-12-01,1936,12,Dec,SH,-0.17
1630,1937-12-01,1937,12,Dec,SH,-0.13
1631,1938-12-01,1938,12,Dec,SH,-0.13
1632,1939-12-01,1939,12,Dec,SH,0.1
1633,1940-12-01,1940,12,Dec,SH,0.3
1634,1941-12-01,1941,12,Dec,SH,0.26
1635,1942-12-01,1942,12,Dec,SH,-0.03
1636,1943-12-01,1943,12,Dec,SH,0.09
1637,1944-12-01,1944,12,Dec,SH,0.09
1638,1945-12-01,1945,12,Dec,SH,0.09
1639,1946-12-01,1946,12,Dec,SH,-0.15
1640,1947-12-01,1947,12,Dec,SH,-0.21
1641,1948-12-01,1948,12,Dec,SH,-0.08
1642,1949-12-01,1949,12,Dec,SH,-0.22
1643,1950-12-01,1950,12,Dec,SH,-0.32
1644,1951-12-01,1951,12,Dec,SH,-0.06
1645,1952-12-01,1952,12,Dec,SH,-0.04
1646,1953-12-01,1953,12,Dec,SH,-0.12
1647,1954-12-01,1954,12,Dec,SH,-0.27
1648,1955-12-01,1955,12,Dec,SH,-0.29
1649,1956-12-01,1956,12,Dec,SH,-0.03
1650,1957-12-01,1957,12,Dec,SH,0.06
1651,1958-12-01,1958,12,Dec,SH,-0.15
1652,1959-12-01,1959,12,Dec,SH,-0.1
1653,1960-12-01,1960,12,Dec,SH,-0.02
1654,1961-12-01,1961,12,Dec,SH,-0.15
1655,1962-12-01,1962,12,Dec,SH,-0.15
1656,1963-12-01,1963,12,Dec,SH,-0.08
1657,1964-12-01,1964,12,Dec,SH,-0.33
1658,1965-12-01,1965,12,Dec,SH,-0.07
1659,1966-12-01,1966,12,Dec,SH,-0.02
1660,1967-12-01,1967,12,Dec,SH,-0.13
1661,1968-12-01,1968,12,Dec,SH,0.05
1662,1969-12-01,1969,12,Dec,SH,0.18
1663,1970-12-01,1970,12,Dec,SH,0.06
1664,1971-12-01,1971,12,Dec,SH,-0.04
1665,1972-12-01,1972,12,Dec,SH,0.41
1666,1973-12-01,1973,12,Dec,SH,-0.1
1667,1974-12-01,1974,12,Dec,SH,0.1
1668,1975-12-01,1975,12,Dec,SH,-0.13
1669,1976-12-01,1976,12,Dec,SH,0.47
1670,1977-12-01,1977,12,Dec,SH,0.04
1671,1978-12-01,1978,12,Dec,SH,0.14
1672,1979-12-01,1979,12,Dec,SH,0.41
1673,1980-12-01,1980,12,Dec,SH,0.34
1674,1981-12-01,1981,12,Dec,SH,0.28
1675,1982-12-01,1982,12,Dec,SH,0.48
1676,1983-12-01,1983,12,Dec,SH,0.22
1677,1984-12-01,1984,12,Dec,SH,0.34
1678,1985-12-01,1985,12,Dec,SH,0.12
1679,1986-12-01,1986,12,Dec,SH,0.21
1680,1987-12-01,1987,12,Dec,SH,0.43
1681,1988-12-01,1988,12,Dec,SH,0.15
1682,1989-12-01,1989,12,Dec,SH,0.4
1683,1990-12-01,1990,12,Dec,SH,0.43
1684,1991-12-01,1991,12,Dec,SH,0.44
1685,1992-12-01,1992,12,Dec,SH,0.22
1686,1993-12-01,1993,12,Dec,SH,0.15
1687,1994-12-01,1994,12,Dec,SH,0.41
1688,1995-12-01,1995,12,Dec,SH,0.24
1689,1996-12-01,1996,12,Dec,SH,0.39
1690,1997-12-01,1997,12,Dec,SH,0.68
1691,1998-12-01,1998,12,Dec,SH,0.35
1692,1999-12-01,1999,12,Dec,SH,0.16
1693,2000-12-01,2000,12,Dec,SH,0.29
1694,2001-12-01,2001,12,Dec,SH,0.46
1695,2002-12-01,2002,12,Dec,SH,0.46
1696,2003-12-01,2003,12,Dec,SH,0.52
1697,2004-12-01,2004,12,Dec,SH,0.57
1698,2005-12-01,2005,12,Dec,SH,0.52
1699,2006-12-01,2006,12,Dec,SH,0.43
1700,2007-12-01,2007,12,Dec,SH,0.21
1701,2008-12-01,2008,12,Dec,SH,0.43
1702,2009-12-01,2009,12,Dec,SH,0.69
1703,2010-12-01,2010,12,Dec,SH,0.39
1704,2011-12-01,2011,12,Dec,SH,0.32
1705,2012-12-01,2012,12,Dec,SH,0.61
1706,2013-12-01,2013,12,Dec,SH,0.55
1707,2014-12-01,2014,12,Dec,SH,0.47
1708,2015-12-01,2015,12,Dec,SH,0.8
1709,2016-12-01,2016,12,Dec,SH,0.69
1710,2017-12-01,2017,12,Dec,SH,0.47
1711,2018-12-01,2018,12,Dec,SH,0.74
1712,2019-12-01,2019,12,Dec,SH,0.79
1713,2020-12-01,2020,12,Dec,SH,0.39
1714,2021-12-01,2021,12,Dec,SH,0.57
1715,2022-12-01,2022,12,Dec,SH,0.52
